commodity,group,freq
"item_ims_skill_bp:{tags:[bp], tier:1}",skill_blueprints,10
"item_ims_skill_bp:{tags:[bp], tier:2}",skill_blueprints,10
"item_ims_skill_bp:{tags:[bp], tier:3}",skill_blueprints,10
,,
"#item_:{tags:[single_bp], p:{tags:[rare_bp]}}",blueprints,100
"item_ims_skill_bp:{tags:[bp], tier:1}",blueprints,75
"item_ims_skill_bp:{tags:[bp], tier:2}",blueprints,50
,,
,,
"item_ims_skill_bp:{tags:[bp], tier:1}",blueprints_low,50
"item_ims_skill_bp:{tags:[bp], tier:2}",blueprints_low,50
"item_ims_skill_bp:{tags:[bp], tier:3}",blueprints_low,25
"item_ims_skill_bp:{tags:[bp], tier:4}",blueprints_low,25
,,
,,
"item_ims_skill_bp:{tags:[bp], tier:1}",blueprints_guaranteed,50
"item_ims_skill_bp:{tags:[bp], tier:2}",blueprints_guaranteed,50
"item_ims_skill_bp:{tags:[bp], tier:3}",blueprints_guaranteed,25
"item_ims_skill_bp:{tags:[bp], tier:4}",blueprints_guaranteed,25
,,
,,
"item_ims_skill_bp:{tags:[bp, combat]}",weapons2,20
"item_ims_skill_bp:{tags:[bp, leader]}",goods,5
"item_ims_skill_bp:{tags:[bp, leader]}",weapons2,15
"item_ims_skill_bp:{tags:[bp, ind]}",mining_station,10
"item_ims_skill_bp:{tags:[bp, ind]}",weapons2,15
"item_ims_skill_bp:{tags:[bp, tech]}",ai_cores2,3
,,
,,
"item_ims_skill_bp:{tags:[bp], tier:1}",any_hullmod_low,6
,,
,,
"item_ims_skill_bp:{tags:[bp], tier:1}",ai_cores3,4
"item_ims_skill_bp:{tags:[bp], tier:2}",ai_cores3,4
"item_ims_skill_bp:{tags:[bp], tier:3}",ai_cores3,3
"item_ims_skill_bp:{tags:[bp], tier:4}",ai_cores3,2
"item_ims_skill_bp:{tags:[bp], tier:5}",ai_cores3,1
,,
,,
"item_ims_skill_bp:{tags:[bp], tier:1}",rare_tech,12
"item_ims_skill_bp:{tags:[bp], tier:2}",rare_tech,12
"item_ims_skill_bp:{tags:[bp], tier:3}",rare_tech,10
"item_ims_skill_bp:{tags:[bp], tier:4}",rare_tech,10
"item_ims_skill_bp:{tags:[bp], tier:5}",rare_tech,5
"item_ims_skill_bp:{tags:[bp], tier:6}",rare_tech,1
,,
,,
"item_ims_skill_bp:{tags:[bp], tier:1}",rare_tech_low,12
"item_ims_skill_bp:{tags:[bp], tier:2}",rare_tech_low,12
"item_ims_skill_bp:{tags:[bp], tier:3}",rare_tech_low,10
"item_ims_skill_bp:{tags:[bp], tier:4}",rare_tech_low,10
"item_ims_skill_bp:{tags:[bp], tier:5}",rare_tech_low,5
"item_ims_skill_bp:{tags:[bp], tier:6}",rare_tech_low,1
,,
,,
"item_ims_skill_bp:{tags:[bp], tier:1}",rem_destroyer,2
"item_ims_skill_bp:{tags:[bp], tier:2}",rem_destroyer,2
,,
"item_ims_skill_bp:{tags:[bp], tier:2}",rem_cruiser,2
"item_ims_skill_bp:{tags:[bp], tier:3}",rem_cruiser,2
"item_ims_skill_bp:{tags:[bp], tier:4}",rem_cruiser,2
,,
"item_ims_skill_bp:{tags:[bp], tier:4}",rem_capital,2
"item_ims_skill_bp:{tags:[bp], tier:5}",rem_capital,2
,,
,,
"item_ims_skill_bp:{tags:[bp], tier:1}",techmining_first_find,5
"item_ims_skill_bp:{tags:[bp], tier:2}",techmining_first_find,4
"item_ims_skill_bp:{tags:[bp], tier:3}",techmining_first_find,3
"item_ims_skill_bp:{tags:[bp], tier:4}",techmining_first_find,3
"item_ims_skill_bp:{tags:[bp], tier:5}",techmining_first_find,2
"item_ims_skill_bp:{tags:[bp], tier:6}",techmining_first_find,1