{
	"ims_bpstation":{
		"defaultName":"BP station", # used if name=null in addCustomEntity()
		"defaultRadius":150, # used if radius<0 in addCustomEntity(),
		"nameInText":"shipyard",
		"shortName":"shipyard",
		"aOrAn":"a",
		"isOrAre":"is",
		"customDescriptionId":"ims_bpstation",
		"interactionImage":"graphics/station_side03.png",
		"icon":"graphics/station_side03.png",
		"iconWidth":32,
		"iconHeight":32,
		"sprite":"graphics/station_side03.png",
		"spriteWidth":118,
		"spriteHeight":197,
		"renderShadow":false, #true,
		"useLightColor":true,
		"showInCampaign":true,
		"showIconOnMap":true,
		"showNameOnMap":false,
		"scaleNameWithZoom":false,
		"scaleIconWithZoom":true,
		"tags":["ims_bpstation"],
		"layers":[STATIONS], # what layer(s) to render in. See CampaignEngineLayers.java for possible values
	},

}


