name,id,tags,tech/manufacturer,rarity,base price,stack size,cargo space,baseRaidDanger,icon,sound id,sound id drop,plugin,plugin params,desc,order
Base ModSpec,modspec,modspec,,,1,1000,1,,graphics/icons/cargo/modspec2.png,ui_chip_pickup,ui_modspec_drop,com.fs.starfarer.api.campaign.impl.items.ModSpecItemPlugin,,"A collection of notes, guidelines, and practical examples that enable one to adapt and apply this modification to various hulls.",50
,,,,,,,,,,,,,,,
,,,,,,,,,,,,,,,
# blueprints,,,,,,,,,,,,,,,
Base Skill Blueprint,ims_skill_bp,,,1,10000,1000,1,,graphics/blueprint_shiphull.png,ui_chip_pickup,ui_modspec_drop,scripts.ims_SkillBlueprintPlugin,,A chip filled with knowledge.,321