name,id,flux/second,f/s (base rate),f/s (base cap),flux/use,f/u (base rate),f/u (base cap),cr/u,max uses,regen,charge up,active,down,cooldown,toggle,noDissipation,noHardDissipation,hardFlux,noFiring,noTurning,noStrafing,noAccel,noShield,noVent,isPhaseCloak,tags,icon
Burst Jets,fp_speedburst,,,,,,0,,2,0.2,,0.7,0.8,,,,,,,,,,,,,,
Targeting Interference,fp_rangereducer,,,,,,0.2,,,,0.5,10,1,20,,,,,,,,,,,,,graphics/icons/hullsys/entropy_amplifier.png
Broken AAF,fp_brokenaaf,,,,,,0.2,,,,1,5,1,12,,,,,,,,,,,,,
Phase Dive,fp_phasedive,,,,,,0.1,,,,1,2,1,10,,,,TRUE,,,,,,,,,graphics/icons/hullsys/displacer.png
Full Burn,fp_fullburn,1000,,,,,,,,,1,,1,5,TRUE,,,,,,TRUE,TRUE,,,,,graphics/icons/hullsys/burn_drive.png