{
    "id":"ims", # For the convenience of troubleshooters, include your name and the mod name, not just an acronym.
	"name":"Immersive Skills", # Displayed to the player
	"author":"SirFuzzWuzz",
    "utility":"false",
	"version":"0.3d",
	"description":"Acquire skills in a more immersive way",
    "gameVersion": "0.96a-RC10", 
    "replace":[
		#"data/characters/skills/skill_data.csv",
		#"data/characters/skills/aptitude_data.csv",
		"data/characters/skills/reliability_engineering.skill",
		"data/characters/skills/auxiliary_support.skill",
		"data/characters/skills/force_concentration.skill",
		"data/characters/skills/hypercognition.skill",
		"data/characters/skills/special_modifications.skill",
		"data/characters/skills/strike_commander.skill",
		],
  	"jars":["jars/Template.jar"],
  	"modPlugin":"ImmersiveSkills.ImmersiveSkillsModPlugin",
	  	"dependencies": [
        {
            "id": "lw_lazylib",
            "name": "LazyLib",
            "version": "2.7b"
        },
        #{
        #    "id": "MagicLib",
        #    "name": "MagicLib",
        #    #"version": "0.34"
        #},
        #{
        #    "id": "shaderLib",
        #    "name": "GraphicsLib",
        #    #"version": "1.5.1"
        #}
    ],
}
