{
	# should be a copy of "combatSmall", minus variants that are annoying to fight in low numbers
	# for example, no Hyperions or fast beam-based kiting loadouts, or ships with damper field
	"combatSmallForSmallFleet":{
		"fp_evil_shepherd_beam":2,
		"fp_evil_shepherd_standoff":2,
		"fp_tonk_basic":5,
		"fp_mudskipper_mk3_base":3,
		"fp_smolboi_ace":4,
		"fp_smolboi_p_guns":5,
		"fp_poker_support":3,
		"fp_poker_topgun":4,
	},
	"combatSmall":{
		"fp_evil_shepherd_standoff":2,
		"fp_ewship_support":2,
		"fp_evil_shepherd_beam":4,
		"fp_tonk_basic":3,
		"fp_mudskipper_mk3_base":2,
		"fp_smolboi_ace":3,
		"fp_smolboi_rocket":4,
		"fp_smolboi_p_bombs":4,
		"fp_smolboi_p_guns":3,
		"fp_phammerhead_burst":1,
		"fp_phammerhead_disabler":1,
		"fp_pcondor_bomb":1,
		"fp_pcondor_standoff":1,
		"fp_dauntless_base":1,
		"fp_cutter_decisive":3,
		"fp_cutter_standard":2,
		"fp_canard_base":2,
		"fp_canard_brawler":3,
	},
	"carrierMedium":{
		"fp_bell_standard":4,
	},
	"combatMedium":{
		"fp_ewship_support":4,
		"fp_tube_elite":1,
		"fp_hemlock_standard":2,
		"fp_tonk_basic":3,
		"fp_trilolight_standard":2,
		"fp_phaseminer_militarized":2,
		"fp_phaseminer_brawler":3,
		"fp_hauler_miner":4,
		"fp_buster_standard":3,
		"fp_buster_suicidal":2,
		"fp_buster_support": 2,
		"fp_phammerhead_disabler":1,
		"fp_pcondor_bomb":1,
		"fp_pcondor_standoff":1,
		"fp_blaster_standard":1,
		"fp_cutter_decisive": 3,
		"fp_cutter_standard": 3,
		"fp_striker_beamer":1,
		"fp_canard_base":2,
		"fp_canard_brawler":2,
	},
	"combatLarge":{
		"fp_prime_standard":2,
		"fp_trilolight_standard":2,
		"fp_phaseminer_militarized":4,
		"fp_phaseminer_plasma":4,
		"fp_hauler_miner":3,
		"fp_hauler_combat":3,
		"fp_buster_standard":3,
		"fp_buster_suicidal":3,
		"fp_buster_support":4,
		"fp_blaster_standard":3,
		"fp_hoarder_decisive":2,
		"fp_hoarder_standoff":2,
		"fp_striker_beamer":2,
		"fp_striker_standard":3,
		"fp_severance_chosen":2,
		"fp_severance_disgrace":1,
		"fp_severance_fanatic":1,
	},
	"combatCapital":{
		"fp_hammerslaught_hammer":2,
		"fp_voidstalker_beam":1,
		"fp_condorcap_brawler":3,
		"fp_condorcap_support":3,
		"fp_elite_brawler":2,
		"fp_adjucator_chosen":2,
		"fp_adjucator_oddball":1,
		"fp_adjucator_support":1.5,
		"fp_bigboi_pride":2,
		"fp_bigboi_prejudice":1,
	},
}
			
