id,type,text1,text2,text3,text4,notes
hellomod_amflamer,WEAPON,A surprisingly simple weapon acting more as a nozzle to regulate antimatter flow from the rest of the ship into a functional weapon.,,,,
hellomod_tesla,WEAPON,"A fearsome weapon capable of shutting down entire sections in one volley. The limiting factor is its range which is why it is preferably mounted to faster ships and the degradation of the coil which each shot, eventually becoming unusable until repaired.",,,,
prodlauncher,WEAPON,"A torpedo based on the reaper but carrying a highly radioactive payload previously banned in domain space. The radiation is capable of piercing through starship hulls, severely harming any crew or vulnurable electronics it comes in contact with.",,,,
dakkabox,WEAPON,A marvel on engineering capable of firing any ordinance the crew can shove into it. It also doubles as a garbage chute.,,,,
hellomod_battery,WEAPON,A flux storage device capable of steadily draining flux from the ship albeit at a slow rate. With a small engine attached to the battery it can also be used as a torpedo once at full capacity.,,,,
,,,,,,
hellomod_drone_vorer,SHIP,A small autonomous drone believed to originally have been designed for construction using miniature stasis beams to hold parts in place.,,,,
hellomod_evil_shepherd,SHIP,"A remnant of the autonomous AI fleets developed by the Tri-Tachyon Corporation. Illegal under Domain (and Hegemony) law, and an abomination to the Church of Galactic Redemption, the First AI War saw these creations purged from the Sector although the simplified ""Shepherd"" vessel is still in use.",,,,
hellomod_trilolight,SHIP,"A remnant of the autonomous AI fleets developed by the Tri-Tachyon Corporation. Illegal under Domain (and Hegemony) law, and an abomination to the Church of Galactic Redemption, the First AI War saw these creations purged from the Sector.",,,,
hellomod_hemlock,SHIP,The Hemlock is built using a smaller branch of 'high tech' ship manifacturing relying even more on movement and avoiding hits rather than hiding behind a solid shield. Built for speed and carrying a fearsome prototype weapon it is a force to be reckoned with given that the pilot is skilled and that the engines remain intact.,,,,
hellomod_bell,SHIP,"The Budgerigar was designed as a compact carrier with stronger armor than typical midline ships to compete with the heron which ultimately outclassed it as a carrier. It was then redesigned, removing parts of the fighter compartments to house a main weapon similar to the sunder to differentiate it. It now stands on its own as a compact cruiser sized battle-carrier although it is still seen as out of place in standard midline fleets due to a lack of mobility.",,,,
hellomod_ewship,SHIP,A technologically advanced destroyer affectionately known as the 'cup' is a proof of concept that the advanced sensor technology of the Apogee can be used for active electronic warfare. Should this ship become adopted by captains around the sector more designs are sure to appear as Tri-Tachyon never misses an opportunity for credits.,,,,
hellomod_hammerslaught,SHIP,"""You have been accused of fraud by misusing Hedgemony funding and pretending to be a ship designer without having any skills qualifications, does the defendant deny this statement?"" ""Your honor I am a ship designer, I have the Hammerslaught to prove it."" ""Guilty!""",- Hedgemony Court Transcript,,,
hellomod_prime,SHIP,The Prime is built from an incomplete blueprint for a premium cruiser design. Fortunately the engineers who improvised the missing parts were highly skilled and the ship turned out hardy and fully functional if not exactly as originally intended.,,,,
hellomod_tube,SHIP,Using an uncommon way of storing antimatter the BuretteII is a fast and fragile destroyer derived from a science vessel whose purpose was to expose objects in space to unstable antimatter and record the effects. The experiment lost funding after Tri Tachyon executives got tired of seeing recordings of melted asteroids and metals and the ship was militarized to attempt to stay relevant.,,,,
,,,,,,
hellomod_rangereducer,SHIP_SYSTEM,"Disrupts the targeting and sensors of targeted ship. As the marketing blurb says: ""If they can't see you they can't hurt you""",,,,
hellomod_speedburst,SHIP_SYSTEM,Provides a short burst of speed and maneuverability,,,,