id,type,text1,text2,text3,text4,notes
hellomod_amflamer,WEAPON,A surprisingly simple weapon acting more as a nozzle to regulate antimatter flow from the rest of the ship into a functional weapon.,,,,
hellomod_tesla,WEAPON,"A fearsome weapon capable of shutting down entire sections in one volley. The limiting factor is its range which is why it is preferably mounted to faster ships and the degradation of the coil which each shot, eventually becoming unusable until repaired.",,,,
prodlauncher,WEAPON,"A torpedo based on the reaper but carrying a highly radioactive payload previously banned in domain space. The radiation is capable of piercing through starship hulls, severely harming any crew or vulnurable electronics it comes in contact with.",,,,
dakkabox,WEAPON,A marvel on engineering capable of firing any ordinance the crew can shove into it. It also doubles as a garbage chute.,,,,
hellomod_battery,WEAPON,A flux storage device capable of steadily draining flux from the ship albeit at a slow rate. With a small engine attached to the battery it can also be used as a torpedo once at full capacity.,,,,
hellomod_dual_autopulse,WEAPON,A twin-linked version of the autopulse laser fitted with more powerful flux conduits allowing larger energy storage for both laser emitters.,,,,
hellomod_pulsecannon,WEAPON,A shock and awe cannon firing a volatile photon charge capable of hurting most targets.,,,,
hellomod_revcannon,WEAPON,"This weapon uses a mechanical reloading meachanism that puts some of the energy from the recoil into it, causing an increased fire rate.",,,,
hellomod_overcharger,WEAPON,Utilizing a plasma capacitor this weapon rapidly fires plasma charges with diminishing returns as the capacitor looses charge.,,,,
badtpc,WEAPON,This Thermal Pulse Cannon was reassembled without the standard issue heatsink.,,,,
hellomod_heatsink,WEAPON,A heatsink from the time before flux grids. It is connected to the ships TPC to allow recharging.,,,,
,,,,,,
hellomod_drone_vorer,SHIP,A small autonomous drone believed to originally have been designed for construction using miniature stasis beams to hold parts in place.,,,,
hellomod_boringdrone,SHIP,A heavy duty mining drone with thick armor and an extremely powerful mining laser made to cut chunks out of any type of asteroid. Using mining drones for any purpose other than mining voids all warranty.,,,,
hellomod_phasenugget,SHIP,One of the smallest vessels with phase capability. It has a unique drone ai that has shown no signs of going rogue despite repeat p-space exposure. It requires a specialized fighter bay for maintinance.,,,,
hellomod_evil_shepherd,SHIP,"A remnant of the autonomous AI fleets developed by the Tri-Tachyon Corporation. Illegal under Domain (and Hegemony) law, and an abomination to the Church of Galactic Redemption, the First AI War saw these creations purged from the Sector although the simplified ""Shepherd"" vessel is still in use.",,,,
hellomod_trilolight,SHIP,"A remnant of the autonomous AI fleets developed by the Tri-Tachyon Corporation. Illegal under Domain (and Hegemony) law, and an abomination to the Church of Galactic Redemption, the First AI War saw these creations purged from the Sector.",,,,
hellomod_mudskipper_mk3,SHIP,"Despite being constructed from a salvaged mudskipper, a TPC firing assembly and an antiquated heatsink this design still resembles the first TPC prototyping platforms. In current cycles it is popular among Pirates and Hedgemony history enthusiasts.",,,,
hellomod_hemlock,SHIP,The Hemlock is built using a smaller branch of 'high tech' ship manifacturing relying even more on movement and avoiding hits rather than hiding behind a solid shield. Built for speed and carrying a fearsome prototype weapon it is a force to be reckoned with given that the pilot is skilled and that the engines remain intact.,,,,
hellomod_bell,SHIP,"The Budgerigar was designed as a compact carrier with stronger armor than typical midline ships to compete with the heron which ultimately outclassed it as a carrier. It was then redesigned, removing parts of the fighter compartments to house a main weapon similar to the sunder to differentiate it. It now stands on its own as a compact cruiser sized battle-carrier although it is still seen as out of place in standard midline fleets due to a lack of mobility.",,,,
hellomod_ewship,SHIP,A technologically advanced destroyer affectionately known as the 'cup' is a proof of concept that the advanced sensor technology of the Apogee can be used for active electronic warfare. Should this ship become adopted by captains around the sector more designs are sure to appear as Tri-Tachyon never misses an opportunity for credits.,,,,
hellomod_hammerslaught,SHIP,A design created by a fraudster pretending to be a ship designer. When Hedgemony officials caught him he gave them this hastily put together blueprin before being spaced for fraud. The practicality of this ship is questionable but it does fit a lot of guns.,,,,
hellomod_prime,SHIP,The Prime is built from an incomplete blueprint for a premium cruiser design. Fortunately the engineers who improvised the missing parts were highly skilled and the ship turned out hardy and fully functional if not exactly as originally intended.,,,,
hellomod_phaseminer,SHIP,"One of the earlier types of phase ships, before modern 'safe' Tri-Tachyon phase coils. The Moth is a potent cruiser used for many p-space experiments, such as the development of the automated phase drone that aids it in combat. Its only drawback is its aging phase coil design and sluggish handling.",,,,
hellomod_tube,SHIP,BuretteII is a fast and fragile destroyer derived from a science vessel. The ship was militarized to attempt to stay relevant.,,,,
hellomod_tonk,SHIP,A patrol boat that defies the midline doctrine with higher than average durability but lesser maneuverability than its peers. It's main function is keeping Persean space safe by persuading potential criminals with its built-in cannon or providing fire support in larger skirmishes.,,,,
hellomod_voidstalker,SHIP,"One of the pinnacles of 'mirage tech', it is faster and more maneuverable than any capital class ship should be capable of along with potent frontal firepower. However it is extremely vulnurable if its engines ever stops working like all ships utilizing 'mirage tech'.",,,,
,,,,,,
hellomod_rangereducer,SHIP_SYSTEM,"Disrupts the targeting and sensors of targeted ship. As the marketing blurb says: ""If they can't see you they can't hurt you""",,,,
hellomod_speedburst,SHIP_SYSTEM,Provides a short burst of speed and maneuverability,,,,