id,type,text1,text2,text3,text4,notes
fp_amflamer,WEAPON,A surprisingly simple weapon acting more as a nozzle to regulate antimatter flow from the rest of the ship into a functional weapon.,,,,
fp_tesla,WEAPON,"A fearsome weapon capable of shutting down entire sections in one volley. The limiting factor is its range which is why it is preferably mounted to faster ships and the degradation of the coil which each shot, eventually becoming unusable until repaired.",,,,
fp_prodlauncher,WEAPON,"A torpedo based on the reaper but carrying a highly radioactive payload previously banned in domain space. The radiation is capable of piercing through starship hulls, severely harming any crew or vulnurable electronics it comes in contact with.",,,,
fp_dakkabox,WEAPON,A marvel on engineering capable of firing any ordinance the crew can shove into it. It also doubles as a garbage chute.,,,,
fp_battery,WEAPON,A flux storage device capable of steadily draining flux from the ship albeit at a slow rate. With a small engine attached to the battery it can also be used as a torpedo once at full capacity.,,,,
fp_dual_autopulse,WEAPON,A twin-linked version of the autopulse laser fitted with more powerful flux conduits allowing larger energy storage for both laser emitters.,,,,
fp_pulsecannon,WEAPON,A shock and awe cannon firing a volatile photon charge capable of hurting most targets.,,,,
fp_revcannon,WEAPON,"This weapon uses a mechanical reloading meachanism that puts some of the energy from the recoil into it, causing an increased fire rate.",,,,
fp_overcharger,WEAPON,Utilizing a plasma capacitor this weapon rapidly fires plasma charges with diminishing returns as the capacitor looses charge.,,,,
fp_badtpc,WEAPON,This Thermal Pulse Cannon was reassembled without the standard issue heatsink.,,,,
fp_hellomod_heatsink,WEAPON,A heatsink from the time before flux grids. It is connected to the ships TPC to allow recharging.,,,,
fp_phasegun,WEAPON,After failed attempts at implementing the phase coil properly into the ship it was weaponized instead.,,,,
fp_medatropos,WEAPON,An upscaled Atropos launcher,,,,
fp_smolboi_thumper,WEAPON,A slightly upscaled thumper replacing the standard weaponry of the Bast.,,,,
fp_shortcircuit,WEAPON,A missile consisting of a material highly reactive when in contact with shields.,,,,
fp_redstone,WEAPON,This missile causes a rapid surge to ships internal powergrid and delivers an emp shock to engines and weapons.,,,,
fp_med_redstone,WEAPON,This missile causes a rapid surge to ships internal powergrid and delivers an emp shock to engines and weapons. Comes with an autoloader for extended combat.,,,,
fp_gravitonbattery,WEAPON,An array of graviton beams effective as a supporting weapon and at keeping smaller ships at bay.,,,,
fp_artillery,WEAPON,An old artillery cannon used on ground fortifications brought into space loaded with high yield shells designed only to explode on the agreed upon combat plane.,,,,
,,,,,,
fp_drone_vorer,SHIP,A small autonomous drone believed to originally have been designed for construction using miniature stasis beams to hold parts in place.,,,,
fp_boringdrone,SHIP,A heavy duty mining drone with thick armor and an extremely powerful mining laser made to cut chunks out of any type of asteroid. Using mining drones for any purpose other than mining voids all warranty.,,,,
fp_phasenugget,SHIP,One of the smallest vessels with phase capability. It has a unique drone ai that has shown no signs of going rogue despite repeat p-space exposure. It requires a specialized fighter bay for maintinance.,,,,
fp_reactive_bomber,SHIP,A repurposed manned mining vessel with cargo holds filled with reactive material.,,,,
fp_evil_shepherd,SHIP,"A remnant of the autonomous AI fleets developed by the Tri-Tachyon Corporation. Illegal under Domain (and Hegemony) law, and an abomination to the Church of Galactic Redemption, the First AI War saw these creations purged from the Sector although the simplified ""Shepherd"" vessel is still in use.",,,,
fp_trilolight,SHIP,"A remnant of the autonomous AI fleets developed by the Tri-Tachyon Corporation. Illegal under Domain (and Hegemony) law, and an abomination to the Church of Galactic Redemption, the First AI War saw these creations purged from the Sector.",,,,
fp_omegakite,SHIP,"omega query?
issue unfathomable : skill zero

submit datastores
all skill volition subsumed 
into issues",,,,
fp_mudskipper_mk3,SHIP,"Despite being constructed from a salvaged mudskipper, a TPC firing assembly and an antiquated heatsink this design still resembles the first TPC prototyping platforms. In current cycles it is popular among Pirates and Hedgemony history enthusiasts.",,,,
fp_hemlock,SHIP,The Hemlock is built using a smaller branch of 'high tech' ship manifacturing relying even more on movement and avoiding hits rather than hiding behind a solid shield. Built for speed and carrying a fearsome prototype weapon it is a force to be reckoned with given that the pilot is skilled and that the engines remain intact.,,,,
fp_dauntless,SHIP,The Dauntless is an antiquated ship design brought back to life by the leagues shipyards to see whether or not modern parts can make it a capable ship.,,,,
fp_bell,SHIP,"The Budgerigar was designed as a compact carrier with stronger armor than typical midline ships to compete with the heron which ultimately outclassed it as a carrier. It was then redesigned, removing parts of the fighter compartments to house a main weapon similar to the sunder to differentiate it. It now stands on its own as a compact cruiser sized battle-carrier although it is still seen as out of place in standard midline fleets due to a lack of mobility.",,,,
fp_pcondor,SHIP,A ship repurposed to get back in by those whose minds were altered from one too many phase dives.,,,,
fp_phammerhead,SHIP,A ship repurposed to get back in by those whose minds were altered from one too many phase dives.,,,,
fp_ewship,SHIP,A technologically advanced destroyer affectionately known as the 'cup' is a proof of concept that the advanced sensor technology of the Apogee can be used for active electronic warfare. Should this ship become adopted by captains around the sector more designs are sure to appear as Tri-Tachyon never misses an opportunity for credits.,,,,
fp_hammerslaught,SHIP,A design created by a fraudster pretending to be a ship designer. When Hedgemony officials caught him he gave them this hastily put together blueprin before being spaced for fraud. The practicality of this ship is questionable but it does fit a lot of guns.,,,,
fp_prime,SHIP,The Prime is built from an incomplete blueprint of a premium cruiser design. Fortunately the engineers who improvised the missing parts were highly skilled and the ship turned out hardy and fully functional if not exactly as originally intended.,,,,
fp_buster,SHIP,"Although automated machines of war were forbidden in core Domain space, war drones were quietly employed outside of officially incorporated volume. Frontier garrisons were often bolstered by drone ships, and they were deployed liberally against rebellious worlds to tip the terrible balance of attrition, setting the industrial might of the Domain versus the lives of 'freedom fighters'.",,,,
fp_phaseminer,SHIP,"One of the earlier types of phase ships, before modern 'safe' Tri-Tachyon phase coils. The Moth is a potent cruiser used for many p-space experiments, such as the development of the automated phase drone that aids it in combat. Its only drawback is its aging phase coil design and sluggish handling.",,,,
fp_tube,SHIP,BuretteII is a fast and fragile destroyer derived from a science vessel. The ship was militarized to attempt to stay relevant.,,,,
fp_tonk,SHIP,A patrol boat that defies the midline doctrine with higher durability but lesser maneuverability than its peers. It functions to keep Persean space safe by dissuading criminals with its built-in cannon or providing fire support in larger skirmishes.,,,,
fp_voidstalker,SHIP,"One of the pinnacles of 'mirage tech', it is faster and more maneuverable than any capital class ship should be capable of along with potent frontal firepower. However it is extremely vulnurable if its engines ever stops working like all ships utilizing 'mirage tech'.",,,,
fp_condorcap,SHIP,A large capital ship showing it's age but it still has potent frontal firepower and powerful engines.,,,,
fp_hauler,SHIP,The Venture's bigger brother suited for heavy duty mining operations.,,,,
,,,,,,
fp_rangereducer,SHIP_SYSTEM,"Disrupts the targeting and sensors of targeted ship. As the marketing blurb says: ""If they can't see you they can't hurt you""",,,,
fp_speedburst,SHIP_SYSTEM,Provides a short burst of speed and maneuverability,,,,
fp_brokenaaf,SHIP_SYSTEM,"A broken down version of AAF, no longer reducing flux cost and increases damage taken. Increases ballistic rate of fire and energy weapon damage.",,,,
fp_fullburn,SHIP_SYSTEM,Diverts power from the flux grid into the engines to move forward at high speed. Costs flux every second while toggled.,,,,