name,id,designation,tech/manufacturer,system id,fleet pts,hitpoints,armor rating,max flux,8/6/5/4%,flux dissipation,ordnance points,fighter bays,max speed,acceleration,deceleration,max turn rate,turn acceleration,mass,shield type,defense id,shield arc,shield upkeep,shield efficiency,phase cost,phase upkeep,min crew,max crew,cargo,fuel,fuel/ly,range,max burn,base value,cr %/day,CR to deploy,peak CR sec,CR loss/sec,supplies/rec,supplies/mo,c/s,c/f,f/s,f/f,crew/s,crew/f,hints,tags,rarity,breakProb,minPieces,maxPieces,travel drive,number
Stasis Drone,hellomod_drone_vorer,,,,,200,30,250,,100,,,110,200,200,180,360,6,FRONT,,120,0.4,0.7,,,0,0,,,,,,,,,,,,,,,,,,,,,,0,,,,1.5
,,,,,,,,,,,,,,,,,,,,,,,,,,,,,,,,,,,,,,,,,,,,,,,,,,,,,
,,,,,,,,,,,,,,,,,,,,,,,,,,,,,,,,,,,,,,,,,,,,,,,,,,,,,
Evil Shepherd,hellomod_evil_shepherd,Drone Constructor,Remnant,reservewing,4,1600,300,2000,1650,160,30,1,95,130,70,90,180,210,OMNI,,120,0.4,0.7,,,0,0,50,50,1,40,10,15000,8,20,280,0.25,5,5,33,,,,,,"CARRIER, UNBOARDABLE, HIDE_IN_CODEX","remnant, auto_rec",,0.5,2,2,,216
#Catard,hellomod_catard,Smol Chonker,Midline,plasmajets,5,1500,350,1500,938,200,40,,180,80,50,60,60,1000,FRONT,,90,0.5,0.7,,,20,100,50,40,1,40,12,3000,5,20,240,0.25,2,2,35,70,,,50,100,"CIVILIAN, LINER",base_bp,,0.5,2,2,,218
,,,,,,,,,,,,,,,,,,,,,,,,,,,,,,,,,,,,,,,,,,,,,,,,,,,,,
Hemlock,hellomod_hemlock,Light Destroyer,Mirage Tech,hellomod_speedburst,14,3200,300,6000,5500,380,75,,140,80,70,38,80,320,FRONT,,220,0.2,1.0,,,20,50,40,50,2,30,13,40000,5,15,320,0.25,15,15,,,,,,,,"merc, rare_bp, independent",,0.7,2,3,,319
Cup,hellomod_ewship,EW Destroyer,High Tech,hellomod_rangereducer,12,4000,350,5600,4167,330,85,,90,65,45,35,65,450,FRONT,,360,0.4,0.7,,,80,250,120,70,2,30,10,60000,5,12,420,0.25,14,14,,,,,,,,"hightech_bp, persean, merc",,0.6,2,4,,300
BuretteII,hellomod_tube,Militarized Prototype,High Tech,maneuveringjets,9,2800,300,5400,5833,350,80,,85,100,80,30,80,250,OMNI,,150,0.3,0.6,,,20,40,40,60,2,30,10,40000,5,15,320,0.25,11,11,,,,,,,,"hightech_bp, merc",,0.7,2,3,,319
,,,,,,,,,,,,,,,,,,,,,,,,,,,,,,,,,,,,,,,,,,,,,,,,,,,,,
Budgerigar,hellomod_bell,Cruiser,Midline,highenergyfocus,15,7000,1200,8000,9000,500,145,1,40,35,30,12,10,1300,OMNI,,120,0.5,0.8,,,150,250,100,80,3,20,7,120000,3,12,420,0.25,23,23,,,,,,,"CARRIER, COMBAT, NO_AUTO_ESCORT","midline_bp, merc",,0.5,2,3,,407
Prime,hellomod_prime,Cruiser,Midline,microburn,19,12000,1300,12000,11000,750,175,,40,20,17,15,20,1500,FRONT,,120,0.3,0.8,,,250,400,240,200,4,33,8,150000,4,16,540,0.25,25,25,,,,,,,,"rare_bp, merc, independent",,0.3,4,6,,401
Trilolight,hellomod_trilolight,Terminator Droneship,Remnant,drone_strike,17,10000,900,9000,10000,550,135,3,60,40,25,15,20,1900,OMNI,,180,0.5,0.6,,,0,0,50,60,3,30,9,150000,5,15,540,0.25,28,28,,,,,,,"UNBOARDABLE, HIDE_IN_CODEX","remnant, auto_rec",,0.5,4,7,,413
#Tester,hellomod_tester,Cruiser,Midline,maneuveringjets,14,8000,1000,11000,12000,600,155,,50,30,20,15,20,1200,FRONT,,270,0.4,0.8,,,150,250,150,100,3,33,8,120000,3,12,480,0.25,22,22,,,,,,,,"rare_bp, merc",,0.5,2,3,,401
,,,,,,,,,,,,,,,,,,,,,,,,,,,,,,,,,,,,,,,,,,,,,,,,,,,,,
Hammerslaught,hellomod_hammerslaught,Battleship,Low Tech,burndrive,30,17000,1750,17000,15000,750,360,,35,20,13,6,4,3000,FRONT,,270,0.5,0.9,,,750,1500,250,400,15,27,7,350000,3,12,720,0.25,40,40,,,,,,,,"rare_bp, merc, hegemony",,0.4,2,4,,500
Voidstalker,hellomod_voidstalker,Battlecruiser,Mirage Tech,hellomod_speedburst,26,9500,800,15000,25000,1050,260,,75,60,50,18,12,1900,FRONT,,180,0.3,1,,,375,750,300,350,8,56,9,400000,4,20,600,0.25,45,45,,,,,,,,"rare_bp, hist3t, merc",,0.6,2,4,,505