name,id,designation,tech/manufacturer,system id,fleet pts,hitpoints,armor rating,max flux,8/6/5/4%,flux dissipation,ordnance points,fighter bays,max speed,acceleration,deceleration,max turn rate,turn acceleration,mass,shield type,defense id,shield arc,shield upkeep,shield efficiency,phase cost,phase upkeep,min crew,max crew,cargo,fuel,fuel/ly,range,max burn,base value,cr %/day,CR to deploy,peak CR sec,CR loss/sec,supplies/rec,supplies/mo,c/s,c/f,f/s,f/f,crew/s,crew/f,hints,tags,rarity,breakProb,minPieces,maxPieces,travel drive,number
Stasis Drone,hellomod_drone_vorer,Support Drone,Remnant,,,200,30,250,,100,,,110,200,200,180,360,6,FRONT,,120,0.4,0.7,,,0,0,,,,,,,,,,,,,,,,,,,,,,0,,,,1.5
Excavator Drone,hellomod_boringdrone,Heavy Mining Drone,Low Tech,damper,,1600,450,20000,,2000,,,80,100,100,80,150,150,NONE,,0,0,0,,,0,0,,,,,,,,,,,,,,,,,,,,,,0,,,,201
Phase Nugget,hellomod_phasenugget,Phase Fighter,High Tech,flarelauncher_active,,700,250,1600,,350,,,130,80,80,120,120,100,PHASE,phasecloak,,,,0.05,0.05,0,0,,,,,,,,,,,,,,,,,,,,,,0,,,,200
Pebble,hellomod_reactive_bomber,Fighter-Bomber,Low Tech,,,500,200,200,,50,0,,140,150,100,100,200,35,NONE,,0,0,0,,,2,2,,,,,,,,,,,,,,,,,,,,,,0,,,,110
,,,,,,,,,,,,,,,,,,,,,,,,,,,,,,,,,,,,,,,,,,,,,,,,,,,,,
Evil Shepherd,hellomod_evil_shepherd,Drone Constructor,Remnant,reservewing,4,1600,300,2000,1650,160,30,1,95,130,70,90,180,210,OMNI,,120,0.4,0.7,,,0,0,50,50,1,40,10,15000,8,20,280,0.25,5,5,33,,,,,,"CARRIER, UNBOARDABLE, HIDE_IN_CODEX","remnant, auto_rec",,0.5,2,2,,216
Mudskipper (TPC),hellomod_mudskipper_mk3,Weapons Platform,Low Tech,maneuveringjets,4,1000,175,1000,900,90,22,,85,70,50,45,60,200,NONE,,0,0,0,,,5,50,40,40,1,40,9,4500,5,20,220,0.25,4,4,35,70,,,50,100,,"hedgemony, pirates, rare_bp, merc",,0.3,2,2,,218
Bast,hellomod_smolboi,Frigate,Low Tech,hellomod_speedburst,7,2200,300,2200,1750,180,42,,140,120,70,60,80,250,FRONT,,210,0.4,1,,,30,55,30,40,1,25,12,13000,5,10,280,0.25,6,6,,,,,,,,"merc, lowtech_bp, merc",,0.4,2,3,,204
Bast (P),hellomod_smolboi_p,Frigate,Low Tech,burndrive,8,2200,300,2200,1750,180,42,,140,120,70,60,80,250,FRONT,,210,0.4,1,,,30,40,30,20,1,25,12,13500,5,10,280,0.25,7,7,,,,,,,,"merc, pirate_bp",,0.4,2,3,,204
,hellomod_omegakite,Triangle,Unknown,microburn_omega,14,2500,500,4500,5000,420,50,,180,240,200,120,360,220,OMNI,,150,0,0.5,,,0,0,10,20,1,50,13,100000,20,5,,,8,8,,,,,,,"UNBOARDABLE, HIDE_IN_CODEX","omega, no_autofit, restricted",,0.5,2,2,,229
#Catard,hellomod_catard,Smol Chonker,Midline,plasmajets,5,1500,350,1500,938,200,40,,180,80,50,60,60,1000,FRONT,,90,0.5,0.7,,,20,100,50,40,1,40,12,3000,5,20,240,0.25,2,2,35,70,,,50,100,"CIVILIAN, LINER",base_bp,,0.5,2,2,,218
,,,,,,,,,,,,,,,,,,,,,,,,,,,,,,,,,,,,,,,,,,,,,,,,,,,,,
Hemlock,hellomod_hemlock,Light Destroyer,Mirage Tech,hellomod_speedburst,14,3200,300,6000,5500,380,75,,140,80,70,38,80,320,FRONT,,220,0.2,1.0,,,20,50,40,50,2,30,13,90000,5,15,320,0.25,15,15,,,,,,,,"merc, rare_bp, independent",0.5,0.7,2,3,,319
Cup,hellomod_ewship,EW Destroyer,High Tech,hellomod_rangereducer,12,4000,350,5600,4167,330,85,,90,65,45,35,65,450,FRONT,,360,0.4,0.7,,,80,250,80,70,2,30,10,60000,5,12,420,0.25,14,14,,,,,,,,"hightech_bp, persean, merc",,0.6,2,4,,300
Burette II,hellomod_tube,Militarized Prototype,High Tech,maneuveringjets,9,2800,300,5400,5833,350,80,,85,100,80,30,80,250,OMNI,,150,0.3,0.6,,,20,40,40,60,2,30,10,50000,5,15,320,0.25,11,11,,,,,,,,"tritachyon, merc",,0.7,2,3,,319
Dinnerbox,hellomod_tonk,Destroyer,Midline,flarelauncher_active,11,6000,750,4800,4167,260,65,,70,45,30,20,20,525,FRONT,,300,0.4,0.80,,,90,150,130,75,2,30,9,42000,4,13,420,0.25,12,12,,,,,,,,"midline_bp, merc",,0.4,2,3,,300
Carrion,hellomod_pcondor,Experiment,Low Tech,hellomod_phasedive,9,5500,450,3500,2500,200,45,,55,50,25,25,20,400,OMNI,,120,0.4,1.0,0.10,0.05,110,150,80,50,2,15,9,34000,5,14,400,0.25,14,14,,,,,,,,"rare_bp, pirates, pirate_bp, merc",0.75,0.5,2,3,,302
Scoliosis,hellomod_phammerhead,Phase Destroyer,Midline,hellomod_brokenaaf,11,5250,400,4500,4167,320,100,,90,80,50,30,70,450,PHASE,phasecloak,,,,0.08,0.06,60,90,80,40,2,30,9,42000,5,12,330,0.25,11,11,,,,,,,,"rare_bp, pirates, merc",0.5,0.5,2,3,,300
,,,,,,,,,,,,,,,,,,,,,,,,,,,,,,,,,,,,,,,,,,,,,,,,,,,,,
Budgerigar,hellomod_bell,Cruiser,Midline,highenergyfocus,15,7000,1200,8000,9000,500,145,1,40,35,30,12,10,1300,OMNI,,120,0.5,0.8,,,150,250,100,80,3,20,7,120000,3,12,420,0.25,23,23,,,,,,,"CARRIER, COMBAT, NO_AUTO_ESCORT","midline_bp, merc",,0.5,2,3,,407
Prime,hellomod_prime,Cruiser,Midline,microburn,19,12000,1300,12000,11000,750,175,,40,20,17,15,20,1400,FRONT,,120,0.3,0.8,,,250,400,240,175,4,33,8,230000,4,16,540,0.25,28,28,,,,,,,,"rare_bp, merc, independent",,0.3,4,6,,401
Moth,hellomod_phaseminer,Phase Cruiser,High Tech,highenergyfocus,20,8500,1300,8500,18000,800,150,1,65,30,20,15,10,1550,PHASE,phasecloak,,,,0.04,0.07,70,200,400,200,3,50,8,200000,4,20,420,0.25,30,30,,,,,,,,"rare_bp, tritachyon, merc",,0.4,2,3,,406
Trilolight,hellomod_trilolight,Terminator Droneship,Remnant,drone_strike,17,10000,900,9000,10000,550,135,3,60,40,25,15,20,1900,OMNI,,180,0.5,0.6,,,0,0,50,60,3,30,9,150000,5,15,540,0.25,28,28,,,,,,,"UNBOARDABLE, HIDE_IN_CODEX","remnant, auto_rec",,0.5,4,7,,413
Buster,hellomod_buster,Drone,Explorarium,fastmissileracks,9,9500,1500,9000,5625,400,125,,40,30,20,15,10,1800,NONE,,0,0,0,,,0,0,50,50,3,15,8,110000,5,12,600,0.25,12,12,,,,,,,"UNBOARDABLE, HIDE_IN_CODEX","derelict, auto_rec",,0.5,2,3,,412
#Tester,hellomod_tester,Cruiser,Midline,maneuveringjets,14,8000,1000,11000,12000,600,155,,50,30,20,15,20,1200,FRONT,,270,0.4,0.8,,,150,250,150,100,3,33,8,120000,3,12,480,0.25,22,22,,,,,,,,"rare_bp, merc",,0.5,2,3,,401
,,,,,,,,,,,,,,,,,,,,,,,,,,,,,,,,,,,,,,,,,,,,,,,,,,,,,
Hammerslaught,hellomod_hammerslaught,Battleship,Low Tech,burndrive,30,17000,1750,17000,15000,750,360,,35,20,13,6,4,4000,FRONT,,270,0.5,0.9,,,750,1500,250,400,15,27,7,350000,3,12,720,0.25,40,40,,,,,,,,"rare_bp, merc, hegemony",,0.4,4,5,,500
Voidstalker,hellomod_voidstalker,Battlecruiser,Mirage Tech,hellomod_speedburst,26,9500,800,16000,25000,1050,260,,75,60,50,18,12,1900,FRONT,,180,0.3,1,,,375,750,300,350,8,56,9,400000,4,20,600,0.25,45,45,,,,,,,,"rare_bp, hist3t, independent, merc",0.3,0.6,2,4,,505
Pioneer,hellomod_hauler,Capitalship,Low Tech,highenergyfocus,26,14000,1600,12000,12500,420,215,3,55,25,15,12,8,2700,OMNI,,120,0.4,1,,,500,900,1200,400,13,20,8,180000,3,10,660,0.25,34,30,,,,,,,,"rare_bp, hegemony, independent, merc",,0.4,2,4,,507
Albatross,hellomod_condorcap,Battleship,Low Tech,ammofeed,28,17000,1550,15500,11250,550,345,,45,22,15,8,6,3400,OMNI,,120,0.5,1,,,420,750,300,300,11,50,7,250000,3,15,720,0.25,40,40,,,,,,,,"rare_bp, independent, luddic_church, merc",,0.4,3,6,,506.5
,,,,,,,,,,,,,,,,,,,,,,,,,,,,,,,,,,,,,,,,,,,,,,,,,,,,,
,,,,,,,,,,,,,,,,,,,,,,,,,,,,,,,,,,,,,,,,,,,,,,,,,,,,,
#BIG BOI,hellomod_modtank,CHUNGUS,Midline,microburn,19,12000,1300,12000,11000,750,175,,30,20,17,15,20,1400,NONE,,120,0.3,0.8,,,250,400,240,175,4,33,8,230000,4,16,540,0.25,28,28,,,,,,,,restricted,,0.3,4,6,,401
#,hellomod_modtank_botleft,Cruiser,Midline,damper,19,12000,1300,12000,11000,750,175,,30,20,17,15,20,1400,NONE,,120,0.3,0.8,,,250,400,240,175,4,33,8,230000,4,16,540,0.25,28,28,,,,,,,,restricted,,0.3,4,6,,401
#,hellomod_modtank_botright,Cruiser,Midline,damper,19,12000,1300,12000,11000,750,175,,30,20,17,15,20,1400,NONE,,120,0.3,0.8,,,250,400,240,175,4,33,8,230000,4,16,540,0.25,28,28,,,,,,,,restricted,,0.3,4,6,,401
#,hellomod_modtank_topleft,Cruiser,Midline,damper,19,12000,1300,12000,11000,750,175,,0,20,17,15,20,1400,NONE,,120,0.3,0.8,,,250,400,240,175,4,33,8,230000,4,16,540,0.25,28,28,,,,,,,,restricted,,0.3,4,6,,401
#,hellomod_modtank_topright,Cruiser,Midline,damper,19,12000,1300,12000,11000,750,175,,0,20,17,15,20,1400,NONE,,120,0.3,0.8,,,250,400,240,175,4,33,8,230000,4,16,540,0.25,28,28,,,,,,,,restricted,,0.3,4,6,,401