id,variant,tags,tier,rarity,fleet pts,op cost,formation,range,attackRunRange,attackPositionOffset,num,role,role desc,refit,base value,,,,,,,,,,,,,number
fp_vorer_wing,fp_drone_vorer_base,"no_drop, no_sell, remnant, auto_fighter",0,,4,0,BOX,2500,500,,9,SUPPORT,Drone,5,1500,,,,,,,,,,,,,18
fp_phasenugget_wing,fp_phasenugget_base,"no_drop, no_sell, auto_fighter, high",0,,5,23,V,2500,450,,1,FIGHTER,Phase Support Drone,30,7200,,,,,,,,,,,,,
,,,,,,,,,,,,,,,,,,,,,,,,,,,,
fp_boring_wing,fp_boringdrone_base,"support0, hedgemony, pirates, independent, drone, low, auto_fighter, rare_bp, merc",2,,5,22,V,2000,80,,1,FIGHTER,Heavy Mining Drone,25,6800,,,,,,,,,,,,,
fp_reactive_bomber_wing,fp_reactive_bomber_base,"fighter1, low, merc, low_tech_bp",1,,2,13,BOX,3000,200,,2,FIGHTER,Fighter-Bomber,12,4200,,,,,,,,,,,,,