id,name,color,description,order,effect_skill_id,sound1,sound2,sound3,sound4,sound5,sound_story,elite_overlay,elite_overlay_medium,elite_overlay_small
combat,Combat,"220,94,41,255",Skills that improve the combat performance of your flagship.,1,aptitude_combat,combat1,combat2,combat3,combat4,combat5,ui_char_spent_story_point_combat,graphics/icons/skills/elite_combat.png,graphics/icons/skills/elite_combat48.png,graphics/icons/skills/elite_combat32.png
leadership,Leadership,"107,175,0,255",Skills that improve the combat performance of your fleet and officers.,2,aptitude_leadership,leadership1,leadership2,leadership3,leadership4,leadership5,ui_char_spent_story_point_leadership,graphics/icons/skills/elite_leadership.png,graphics/icons/skills/elite_leadership48.png,graphics/icons/skills/elite_leadership32.png
technology,Technology,"0,121,216,255","A mix of skills that benefit exploration, stealth, and certain aspects your fleet and officers' combat performance.",3,aptitude_technology,technology1,technology2,technology3,technology4,technology5,ui_char_spent_story_point_technology,graphics/icons/skills/elite_technology.png,graphics/icons/skills/elite_technology48.png,graphics/icons/skills/elite_technology32.png
industry,Industry,"175,135,0,255","Skills that improve the efficiency and resilience of your fleet, and make it easier to recover from losses.",4,aptitude_industry,industry1,industry2,industry3,industry4,industry5,ui_char_spent_story_point_industry,graphics/icons/skills/elite_industry.png,graphics/icons/skills/elite_industry48.png,graphics/icons/skills/elite_industry32.png
special,Special,"135,135,135,255","Skills forgotten or kept out of spacer hands, often for good reason.",5,aptitude_special,industry1,industry2,industry3,industry4,industry5,ui_char_spent_story_point_industry,graphics/icons/skills/elite_industry.png,graphics/icons/skills/elite_industry48.png,graphics/icons/skills/elite_industry32.png