id,name,order,tier,reqPoints,reqPointsPerExtraSkill,description,author,combat officer,admiral,admin,tags,icon,
# COMBAT,,,,,,,,,,,,,
helmsmanship,Helmsmanship,10,1,0,,"It sings when you push the mix just right, like, [humming]. Everything is right in the world, from the stars down to your bones. Coming off a shift, it’s like I just woke up. [laughing] Words can't tell it.","Nachiketa Portside Interview Project, Ep.3",TRUE,,,"combat, bp",graphics/icons/skills/helmsmanship.png,
combat_endurance,Combat Endurance,20,1,0,,"Through calamity, the Fourteenth endured. 
Through hegemony, the Domain endures. 
Through duty, humanity shall endure.","Admiral Kali Molina, the Declaration of Hegemony, c49",TRUE,,,"combat, bp",graphics/icons/skills/combat_endurance3.png,
impact_mitigation,Impact Mitigation,30,1,0,,"The maneuver produced an oblique impact angle, dissipating the shell's momentum into the ferrofoam applique. It was the unfortunate timing of the resulting shock which brought about Spacer York's tragic end during an otherwise routine heavy equipment transfer.","Thule skirmish of c120.03.08, AAR submitted by Navarch Zhou",TRUE,,,"combat, bp",graphics/icons/skills/impact_mitigation.png,
damage_control,Damage Control,40,1,0,,"Straight from the great forges of Kazeron, this ship is the very best of the League. And we shall treasure this gift, for it stands between our homes and those who would end our way of life.","Navarch Tethys, launching ceremony of the PLS Astelene Key",TRUE,,,"combat, bp",graphics/icons/skills/damage_control2.png,
field_modulation,Field Modulation,50,2,0,,Few have a talent for what I like to think of as 'active tuning'. I find musicians make the best fields officers.,"Ardis Soloman, leaked data submitted to COMSEC redaction algorithm",TRUE,,,"combat,active_defenses, bp",graphics/icons/skills/field_modulation.png,
point_defense,Point Defense,60,3,0,,"Me, I don't take with them lasers and the like. Puts on a hell of a lightshow, ya'sure, but nothing stops incoming blips like the wall of DU from a good Vulcan matrix.","""Lower Deck Heroes"", a HEGCOM serial",TRUE,,,"combat, bp",graphics/icons/skills/advanced_countermeasures.png,
target_analysis,Target Analysis,70,4,0,,A machine-assisted human mind is capable of intuiting effective solutions despite conflicting sensor data and contradictory tactical directives. The targeting computer alone can never truly replace a warrior.,"""On Space Combat, XXIIth ed."", from Domain Battlegroup XIV library ",TRUE,,,"combat, bp",graphics/icons/skills/target_analysis2.png,
ballistic_mastery,Ballistic Mastery,80,4,0,,"What's it stopped the Tri-Tach plot? (Guns!)
What was it ol' Ludd forgot? (Guns!)
Wha’ve we got that they have not? (Big, big, guns!)",drinking song of the Hegemony navy,TRUE,,,"combat,ballistic_weapons, bp",graphics/icons/skills/ranged_specialization.png,
systems_expertise,Systems Expertise,90,5,4,2,"No, I don't think it's a contradiction. It's a, uh, spiritual journey. You're tested. And it's like they say, the Devil is in the details.","""Ludd's Footsoldiers"" holodoc, interview with Pather engineer",TRUE,,,"combat, bp",graphics/icons/skills/systems_expertise.png,
missile_specialization,Missile Specialization,100,5,4,2,My colleagues don’t appreciate their whimsy. You get all these little spaceships to break all the rules with because there's no need to survive the landing.,"Exit interview of K. Astraia, former ordnance designer, Culann Starforge",TRUE,,,"combat,missile_weapons, bp",graphics/icons/skills/missile_specialization2.png,
,,,,,,,,,,,,,
# LEADERSHIP,,,,,,,,,,,,,
tactical_drills,Tactical Drills,500,1,0,,"Perfect.
Now do it again.","Cameron Fourth-Phobos, Coatl Gunnery Range",,TRUE,,"leader, bp",graphics/icons/skills/weapon_drills.png,
coordinated_maneuvers,Coordinated Maneuvers,520,1,0,,"Sir- incoming hostiles burning hard. Big ones. Count two. No, three. More... there's too many! High energy read. Contact in six.","Audio archive from CIC of HSS Ceraon, recovered 189.09.13",,TRUE,,"leader, bp",graphics/icons/skills/coordinated_maneuvers2.png,
wolfpack_tactics,Wolfpack Tactics,530,2,0,,"A fleet that acts with one mind makes those pretty formations so beloved by senior desk officers, a wallowing beast begging to have its throat slit. Cut loose the hounds that we may be wolves again.","Warlord Kanta, quoted in ""My Year With The Pirate Queen""",,TRUE,,"leader, bp",graphics/icons/skills/wolfpack.png,
crew_training,Crew Training,540,2,0,,"I know your type. Signed the contract with dirt on your boots, all ready to play spacer. Watched too many Hegemony warprop holos, didn't you. Get this now: courage is not competence. Playing hero will get us all killed. Careful, mindful work is what gets the job done.","Chaiya Mimas, Tri-Tachyon fleet division, job training introduction",,TRUE,,"leader, bp",graphics/icons/skills/crew_training.png,
fighter_uplink,Fighter Uplink,1050,3,0,,"The fighter jocks spin legends around themselves, but they're just the tip of a spear which I alone command.","Commodore Jensulte of the Hegemony Navy, ~c82",,TRUE,,"leader, bp",graphics/icons/skills/fighter_uplink2.png,
carrier_group,Carrier Group,550,3,0,,"The stats tell us they'll be evaporated in a wall of flak before a half dozen missions, but we still want to be 'em. Once they're in the cockpit they're the only ones of all us who have control over their own destiny.","Nachiketa Portside Interview Project, Ep.4",,TRUE,,"leader, bp",graphics/icons/skills/carrier_command.png,
officer_training,Officer Training,560,4,3,,"They may be a 'rag-tag gang of merchants, smugglers, and pirates', but if you give them something to fight for, I think they might surprise you.","Navarch Nurul Park, comment upon integration of the Cibolan navy",,TRUE,,"leader, bp",graphics/icons/skills/officer_training.png,
officer_management,Officer Management,570,4,3,,"The outlook was grim, so I promised the merc captains double combat bonus. With all the casualties I only had to pay out to half of them. Worked out fine.","Carson Kang, GM of Valhalla fleet division, Tri-Tachyon",,TRUE,,"leader, bp",graphics/icons/skills/officer_management.png,
best_of_the_best,Best of the Best,580,5,4,2,"What we have, Artemisia, is something that cannot be bought.",Orcus Rao at the negotiations ending the Second AI War (apocryphal),,TRUE,,"leader, bp",graphics/icons/skills/best_of_the_best.png,
support_doctrine,Support Doctrine,590,5,4,2,"Not every cadet has talent, skill, or even two brain cells to rub together, but by hell and radiation they'll graduate with discipline.","unattributed comment by Coatl Academy staff, COMSEC archives",,TRUE,,"leader, bp",graphics/icons/skills/space_ops.png,
,,,,,,,,,,,,,
# TECHNOLOGY,,,,,,,,,,,,,
navigation,Navigation,1000,1,0,0,Spend enough time out here and it becomes second nature. It's how I move when I dream. Not all of us get that. Lots do.,"Nachiketa Portside Interview Project, Ep.2",,,,"tech, bp",graphics/icons/skills/navigation.png,
sensors,Sensors,1010,1,0,0,"I see you, little fish!","Comm buffer of ISS Green Flash, recovered in orbit of Beta Zuma B",,,,"tech, bp",graphics/icons/skills/sensors.png,
gunnery_implants,Gunnery Implants,1020,2,1,0,Over time the augmented reality presented by implants may become difficult to distinguish from normal sensory input. The psych officer shall regularly check gunners for signs of Augment Dissociative Disorder by the following criteria...,A New Leadership Framework: Manual for Officers of the Hegemony,TRUE,,,"tech, bp",graphics/icons/skills/gunnery_implants.png,
energy_weapon_mastery,Energy Weapon Mastery,1030,2,1,0,"The eye of an angel was found in the small places, hidden there by merciful God in the first moments of creation. Thus its secrets were laid bare for the ignorant and cruel to loose terrible, fiery wrath. We lament.",Sacred Texts of Ludd,TRUE,,,"tech,energy_weapons, bp",graphics/icons/skills/energy_weapon_mastery.png,
electronic_warfare,Electronic Warfare,1040,4,2,0,"err. 401 // connection refused [try again?]
err. 401 // connection refused [try again?]
err. 401 // connection refused [try again?]","Celadon Immeasurable, alpha",,TRUE,,"tech, bp",graphics/icons/skills/EW.png,
flux_regulation,Flux Regulation,1060,4,2,0,"WARNING: By changing these settings user waives responsibility of Tri-Tachyon Corporation for any resulting equipment damage, injury, death, or otherwise anomalous spacetime effect or effects. Do you wish to continue?","Tri-Tachyon Corporation, standard license",,TRUE,,"tech, bp",graphics/icons/skills/flux_dynamics.png,
cybernetic_augmentation,Cybernetic Augmentation,1075,4,2,0,Don't listen to those weepy crypto-Luddics on the ethics board; the rejection rate is nowhere near what the rumors imply.,"""Doctor"" Wyatt Cydonia (alias), COMSEC intercept",,TRUE,,"tech, bp",graphics/icons/skills/cybernetic_augmentation.png,
phase_corps,Phase Coil Tuning,1070,4,2,0,"Tri-Tachyon pries open holy creation daily, and at each desecration our wholesale damnation looms. Our path is burden; our path is suffering. We shall face them with faith that the only redemption is final judgment.","Livewell Cotton, Luddic Path terrorist, sermon of c205.2.12",,TRUE,,"tech, bp",graphics/icons/skills/phase_corps.png,
neural_link,Neural Link,1080,5,4,2,Why should a captain go down with their ship? The Tri-Tachyon corporation does not waste top talent.,"VP Operations Nereid De Jong at unveiling ceremony for ""Project Heket""",,,,"tech, bp",graphics/icons/skills/neural_link.png,
automated_ships,Automated Ships,1090,6,4,2,[REDACTED],Hegemony COMSEC,,,,"tech, bp",graphics/icons/skills/automated_ships.png,
,,,,,,,,,,,,,
,,,,,,,,,,,,,
# INDUSTRY,,,,,,,,,,,,,
bulk_transport,Bulk Transport,1500,1,0,,"You can no more escape the economy than you can escape gravity. It surrounds us, contains us, uplifts us. It bound the galaxy together once, and will again.","Artemisia Sun, c203 Annual Report",,,,"ind, bp",graphics/icons/skills/bulk_transport.png,
salvaging,Salvaging,1510,1,0,,"It makes me feel very small, like we're vermin plundering the cities of fallen angels.
It also makes me rich.","Zion Hurst, journeyman of the Asher Salvage Guild",,,,"ind, bp",graphics/icons/skills/salvaging.png,
field_repairs,Field Repairs,1520,1,0,,There's no one within twenty lights that hasn't got crossbones etched on their hull. We have only our skill and whatever we find in that debris field to get us out of here.,"Callisto Ibrahim, expedition log c202.10.15",,,,"ind, bp",graphics/icons/skills/field_repairs.png,
ordnance_expert,Ordnance Expertise,1530,3,1,,The weak fear the spiritual potency of the killing machine. The strong instinctually recognize its beauty.,Quotations from the Supreme Executor,TRUE,,,"ind, bp",graphics/icons/skills/ordnance_expert2.png,
polarized_armor,Polarized Armor,1540,3,1,,"The pre-Collapse manuals say never to do this. ... No, I don't know. Haven't had any problems so far.","engineering chief Kasi Thea-Radiative, hidden holocam interview",TRUE,,,"ind, bp",graphics/icons/skills/polarized_armor.png,
containment_procedures,Containment Procedures,1550,4,2,,Check each seal three times true so that Death does not come for you.,Spacer tradition,,,,"ind, bp",graphics/icons/skills/containment_procedures.png,
makeshift_equipment,Makeshift Equipment,1560,4,2,,I guess we left the spares in orbit. It'll be fine ... [static] ... just watch.,"audio backup transcription, Jericho Wheeler, leader of expedition ""H""-team",,,,"ind, bp",graphics/icons/skills/makeshift_equipment.png,
industrial_planning,Industrial Planning,1570,4,2,,A barren but promising world well-situated to become the center of culture and industry of Magec. SIE models project vast investment in resource exploitation from Guayota’s Disk.,"Tri-Tachyon strategic development memo, pre-Collapse",,,TRUE,"ind, bp",graphics/icons/skills/industrial_planning.png,
derelict_contingent,Derelict Operations,1590,5,4,2,"They think we're trash, the execs and admirals in their shiny starships. They threw us away the second it went bad. But it's us the Sector got built on and it's us that'll cut 'em down.","anonymous pirate agitator, HEGINT surveillance feed ",,TRUE,,"ind,player_only, bp",graphics/icons/skills/derelict_contingent.png,
hull_restoration,Hull Restoration,1580,5,4,2,There's no hull a true spacer can't make home.,"Sol Secondshift, veteran salvor",,,,"ind, bp",graphics/icons/skills/recovery_ops.png,
,,,,,,,,,,,,,
,,,,,,,,,,,,,
#Special,,,,,,,,,,,,,
auxiliary_support,Auxiliary Support,2010,1,69,,No reserves? Look around you! There are a thousand space-capable ships in the civilian docks and a billion citizens in the arcologies. We need only open the stockpiles and give them weapons before the invasion arrives.,Baikal Daud at the Defense of Chicomoztoc,,,,"leader, bp",graphics/icons/skills/auxiliary_support.png,
reliability_engineering,Reliability Engineering,2020,2,69,,"In the end, by time and rads, my body will die. My comrades will return me to the stars that made me, and my ship will go on.",Spacer tradition,TRUE,,,"ind, bp",graphics/icons/skills/reliability_engineering.png,
strike_commander,Strike Commander,2030,3,69,,You will fly and it will be a storm like they've never known. You are a thunderbolt come to split the sky itself!,"Navarch Mars Kato, address to the bomber crews of the Sirocco
",TRUE,,,"leader, carrier, spec, bp",graphics/icons/skills/strike_commander.png,
ranged_specialization,Ranged Specialization,2040,3,69,,"See this firing solution? It'll make the defensive algorithms overreact at just the wrong time. The catch is, they've got to see it coming.","CPO Cameron Fourth-Phobos, instructor posted to Coatl Gunnery Range",TRUE,,,"combat, deprecated",graphics/icons/skills/target_analysis.png,
special_modifications,Special Modifications,2050,5,69,2,"The Domainers, oh, they designed to last, it's true. But all that soft living, you can tell they were scared to really push these things to their limits.","Luna Hexagen, independent engineer, Agreus city",,,,"tech, bp",graphics/icons/skills/special_modifications.png,
force_concentration,Force Concentration,2060,5,69,2,When I provide victory at the time and place of my choosing history shall absolve me of the sacrifice of a planet or two.,"Fleet Admiral Andrada, address to the Hegemony executive council ",,TRUE,,"unique, bp",graphics/icons/skills/space_ops.png,
hypercognition,Hypercognition,2070,6,69,,"A limitless machine given every datum, every human thought to combine and recombine into variants beyond count. Ask, and an appropriate answer is produced.
Yet I find myself not satisfied that being fooled proves such a grandiose proposition.","""The Long Road To Gilead"" by Anonymous",,,TRUE,"unique,ai_core_only, bp",graphics/icons/skills/hypercognition.png,
,,,,,,,,,,,,,
# Misc non-player,,,,,,,,,,,,,
omega_ecm,Omega EW,10010,0,,,,,,,,npc_only,graphics/icons/skills/EW.png,
,,,,,,,,,,,,,
,,,,,,,,,,,,,
,,,,,,,,,,,,,
,,,,,,,,,,,,,
,,,,,,,,,,,,,
"# removed in 0.95.1a, but kept around for save compatibility",,,,,,,,,,,,,
space_operations,Space Operations,590,5,4,2,The same stars are seen in the sky of every world.,Persean League founding charter,,,,"npc_only, deprecated",graphics/icons/skills/space_ops.png,
planetary_operations,Ground Operations,600,5,4,2,"The mud? I don't mind it. Spacers always carry on about mud.
It's the blood I can't stand.","Griffin Sweet, mercenary marine",,,,"npc_only, deprecated",graphics/icons/skills/planetary_ops.png,
colony_management,Colony Management,1590,5,4,2,"Where there is life, that is the throne of God, and all that is good can be found there.",Sacred Texts of Ludd,,,,"npc_only, deprecated",graphics/icons/skills/colony_management.png,
shield_modulation,Shield Modulation,70,4,0,,Few have a talent for what I like to think of as 'active tuning'. I find musicians make the best shield officers.,"Ardis Soloman, leaked data submitted to COMSEC redaction algorithm",TRUE,,,"npc_only, deprecated",graphics/icons/skills/defensive_systems.png,
phase_mastery,Phase Mastery,80,4,0,,"I'm not getting back on that ship, not never.","Court martial log, [REDACTED], dated ~c196?",TRUE,,,"phase, spec, elite_player_only, npc_only, deprecated",graphics/icons/skills/phase_mastery.png,
weapon_drills,Weapon Drills,500,1,0,,"What's it stopped the Tri-Tach plot? (Guns!)
What was it ol' Ludd forgot? (Guns!)
What’ve we got that they have not? (Big, big, guns!)",drinking song of the Hegemony navy,,,,"npc_only, deprecated",graphics/icons/skills/weapon_drills.png,
,,,,,,,,,,,,,
,,,,,,,,,,,,,
,,,,,,,,,,,,,
,,,,,,,,,,,,,
,,,,,,,,,,,,,
,,,,,,,,,,,,,
#combat_endurance,Combat Endurance,0,1,,,"Through experience and planning, a seasoned officer has the ability to extend the effective warfighting time of ship and crew during the extreme conditions of combat deployment.",Lorem Ipsum,TRUE,,,"npc_only, deprecated",graphics/icons/skills/combat_endurance2.png,
,,,,,,,,,,,,,
#ordnance_expert,Ordnance Expertise,10,2,,,A detailed knowledge of the operational characteristics and maintenance protocols of armaments can be applied to achieve increased combat performance.,Lorem Ipsum,TRUE,,,"npc_only, deprecated",graphics/icons/skills/ordnance_expert.png,
,,,,,,,,,,,,,
,,,,,,,,,,,,,
,,,,,,,,,,,,,"
"
#defensive_systems,Defensive Systems,37.5,4,,,Extensive knowledge of the interactions between the ship's power grid and its defensive systems can produce qualitative improvements in operational characteristics.,Lorem Ipsum,TRUE,,,"npc_only, deprecated",graphics/icons/skills/defensive_systems.png,
#advanced_countermeasures,Advanced Countermeasures,39,4,,,Attention to detail and regular maintenance can allow the various defensive systems of a hull to excel in their role.,Lorem Ipsum,TRUE,,,"npc_only, deprecated",graphics/icons/skills/advanced_countermeasures.png,
#evasive_action,Evasive Action,40,5,,,"Even if incoming fire cannot be completely avoided, the pilot often has a choice in just where the damage is taken, which can result in reduced damage impact.",Lorem Ipsum,TRUE,,,"npc_only, deprecated",graphics/icons/skills/evasive_maneuvering.png,
,,,,,,,,,,,,,
,,,,,,,,,,,,,
,,,,,,,,,,,,,
,,,,,,,,,,,,,
,,,,,,,,,,,,,
#command_and_control,Command & Control,90,1,,,Hard-won experience - as well as poring over tactical manuals and battle reports - allow the commander to formulate and carry out more advanced battle plans.,Lorem Ipsum,,,,"npc_only, deprecated",graphics/icons/skills/advanced_tactics.png,
,,,,,,,,,,,,,
,,,,,,,,,,,,,
,,,,,,,,,,,,,
,,,,,,,,,,,,,
#fighter_doctrine,Fighter Doctrine,130,3,,,"Carriers and fighter wings have a very different set of requirements from regular ships, and an experienced fleet commander can make a critical difference by providing proper support.",Lorem Ipsum,,,,"carrier, npc_only, deprecated",graphics/icons/skills/fighter_doctrine.png,
#carrier_command,Carrier Command,135,3,,,"Fighter wings and their crews have very specialized requirements, and an experienced captain can make a critical difference by providing proper support.",Lorem Ipsum,TRUE,,,"carrier, npc_only, deprecated",graphics/icons/skills/carrier_command.png,
#wing_commander,Wing Commander,140,4,,,"Rigorous training drills, select personnel, and camaraderie forged through hardship can turn a rag-tag bunch of fighter pilots into an efficient, elite-level force.",Lorem Ipsum,TRUE,,,"carrier, npc_only, deprecated",graphics/icons/skills/wing_commander.png,
,,,,,,,,,,,,,
,,,,,,,,,,,,,
,,,,,,,,,,,,,
#flux_modulation,Power Grid Modulation,155,1,,,Preventive maintenance and some inspired on-the-fly adjustments can greatly increase the capacity of the ship's power grid.,Lorem Ipsum,TRUE,,,"npc_only, deprecated",graphics/icons/skills/power_grid_manipulation.png,
,,,,,,,,,,,,,
#ship_design,Loadout Design,170,2,,,"The baseline specifications for ship loadouts are notoriously conservative, and an experienced engineer can push them well above their stated limits.",Lorem Ipsum,,,,"npc_only, deprecated",graphics/icons/skills/loadout_design.png,
,,,,,,,,,,,,,
#fleet_logistics,Fleet Logistics,1560,4,,,"Making sure supplies and other materiel get where they need to be is not a glorious task. It is, however, critical - both in dealing with emergencies and ensuring smooth day-to-day operations.",Lorem Ipsum,,,,"npc_only, deprecated",graphics/icons/skills/fleet_logistics.png,
,,,,,,,,,,,,,
,,,,,,,,,,,,,
,,,,,,,,,,,,,
,,,,,,,,,,,,,
#recovery_operations,Recovery Operations,260,1,,,"Extracting working equipment or even useful replacement parts out of wreckage requires broad technical knowledge, prudence, and a willingness to take calculated risks.",Lorem Ipsum,,,,"npc_only, deprecated",graphics/icons/skills/recovery_ops.png,
#safety_procedures,Safety Procedures,1540,3,,,"Lorem ipsum dolor sit amet, consectetur adipiscing elit, sed do eiusmod tempor incididunt ut labore et dolore magna aliqua.",Lorem Ipsum,,,,"npc_only, deprecated",graphics/icons/skills/safety_procedures.png,
,,,,,,,,,,,,,
,,,,,,,,,,,,,
,,,,,,,,,,,,,
,,,,,,,,,,,,,
,,,,,,,,,,,,,
,,,,,,,,,,,,,
,,,,,,,,,,,,,
,,,,,,,,,,,,,
,,,,,,,,,,,,,
,,,,,,,,,,,,,
aptitude_combat,,0,,,,,,,,,,graphics/icons/skills/category_combat.png,
aptitude_leadership,,0,,,,,,,,,,graphics/icons/skills/category_leadership.png,
aptitude_technology,,0,,,,,,,,,,graphics/icons/skills/category_technology.png,
aptitude_industry,,0,,,,,,,,,,graphics/icons/skills/category_industry.png,
aptitude_special,,0,,,,,,,,,,graphics/category_special.png,