{
	# should be a copy of "combatSmall", minus variants that are annoying to fight in low numbers
	# for example, no Hyperions or fast beam-based kiting loadouts, or ships with damper field
	"combatSmallForSmallFleet":{
		"hellomod_evil_shepherd_beam":3,
		"hellomod_evil_shepherd_standoff":2,
		"hellomod_tonk_basic":5,
		"hellomod_mudskipper_mk3_base":3,
		"hellomod_smolboi_ace":4,
		"hellomod_smolboi_p_guns":5,
	},
	"combatSmall":{
		"hellomod_evil_shepherd_standoff":4,
		"hellomod_ewship_support":2,
		"hellomod_evil_shepherd_beam":5,
		"hellomod_tonk_basic":6,
		"hellomod_mudskipper_mk3_base":2,
		"hellomod_smolboi_ace":3,
		"hellomod_smolboi_rocket":4,
		"hellomod_smolboi_p_bombs":4,
		"hellomod_smolboi_p_guns":3,
		"hellomod_phammerhead_burst":1,
		"hellomod_phammerhead_disabler":1,
		"hellomod_pcondor_bomb":1,
		"hellomod_pcondor_standoff":1,
	},
	"carrierMedium":{
		"hellomod_bell_standard":4,
	},
	"combatMedium":{
		"hellomod_ewship_support":4,
		"hellomod_tube_elite":2,
		"hellomod_hemlock_standard":2,
		"hellomod_tonk_basic":3,
		"hellomod_trilolight_standard":3,
		"hellomod_phaseminer_militarized":2,
		"hellomod_phaseminer_brawler":3,
		"hellomod_hauler_miner":5,
		"hellomod_buster_standard": 3,
		"hellomod_buster_suicidal": 2,
		"hellomod_buster_support": 2,
		"hellomod_phammerhead_disabler":1,
		"hellomod_pcondor_bomb":1,
		"hellomod_pcondor_standoff":1,
	},
	"combatLarge":{
		"hellomod_prime_standard":2,
		"hellomod_trilolight_standard":4,
		"hellomod_phaseminer_militarized":4,
		"hellomod_phaseminer_plasma":4,
		"hellomod_hauler_miner":3,
		"hellomod_hauler_combat":5,
		"hellomod_buster_standard": 3,
		"hellomod_buster_suicidal": 3,
		"hellomod_buster_support": 4,
	},
	"combatCapital":{
		"hellomod_hammerslaught_hammer":2,
		"hellomod_voidstalker_beam":1,
		"hellomod_condorcap_brawler":3,
		"hellomod_condorcap_support":3,
	},
}
			
