{
	# should be a copy of "combatSmall", minus variants that are annoying to fight in low numbers
	# for example, no Hyperions or fast beam-based kiting loadouts, or ships with damper field
	"combatSmallForSmallFleet":{
		"hellomod_evil_shepherd_beam":4,
	},
	"combatSmall":{
		"hellomod_evil_shepherd_beam":5,
	},
	"carrierMedium":{
		"hellomod_bell_standard":4,
	},
	"combatMedium":{
		"hellomod_ewship_support":3,
		"hellomod_tube_elite":2,
		"hellomod_hemlock_standard":2,
		"hellomod_trilolight_standard":1,
	},
	"combatLarge":{
		"hellomod_prime_standard":2,
		"hellomod_trilolight_standard":6,
	},
	"combatCapital":{
		"hellomod_hammerslaught_hammer":2,
		"hellomod_voidstalker_beam":1,
	},
}
			
