{
	# should be a copy of "combatSmall", minus variants that are annoying to fight in low numbers
	# for example, no Hyperions or fast beam-based kiting loadouts, or ships with damper field
	"combatSmallForSmallFleet":{
		"fp_evil_shepherd_beam":2,
		"fp_evil_shepherd_standoff":2,
		"fp_tonk_basic":5,
		"fp_mudskipper_mk3_base":3,
		"fp_smolboi_ace":4,
		"fp_smolboi_p_guns":5,
	},
	"combatSmall":{
		"fp_evil_shepherd_standoff":2,
		"fp_ewship_support":2,
		"fp_evil_shepherd_beam":4,
		"fp_tonk_basic":3,
		"fp_mudskipper_mk3_base":2,
		"fp_smolboi_ace":3,
		"fp_smolboi_rocket":4,
		"fp_smolboi_p_bombs":4,
		"fp_smolboi_p_guns":3,
		"fp_phammerhead_burst":1,
		"fp_phammerhead_disabler":1,
		"fp_pcondor_bomb":1,
		"fp_pcondor_standoff":1,
		"fp_dauntless_base":1,
	},
	"carrierMedium":{
		"fp_bell_standard":4,
	},
	"combatMedium":{
		"fp_ewship_support":4,
		"fp_tube_elite":2,
		"fp_hemlock_standard":2,
		"fp_tonk_basic":3,
		"fp_trilolight_standard":3,
		"fp_phaseminer_militarized":2,
		"fp_phaseminer_brawler":3,
		"fp_hauler_miner":5,
		"fp_buster_standard": 3,
		"fp_buster_suicidal": 2,
		"fp_buster_support": 2,
		"fp_phammerhead_disabler":1,
		"fp_pcondor_bomb":1,
		"fp_pcondor_standoff":1,
	},
	"combatLarge":{
		"fp_prime_standard":2,
		"fp_trilolight_standard":2,
		"fp_phaseminer_militarized":4,
		"fp_phaseminer_plasma":4,
		"fp_hauler_miner":3,
		"fp_hauler_combat":5,
		"fp_buster_standard": 3,
		"fp_buster_suicidal": 3,
		"fp_buster_support": 4,
	},
	"combatCapital":{
		"fp_hammerslaught_hammer":2,
		"fp_voidstalker_beam":1,
		"fp_condorcap_brawler":3,
		"fp_condorcap_support":3,
	},
}
			
