name,id,tier,rarity,base value,range,damage/second,damage/shot,emp,impact,turn rate,OPs,ammo,ammo/sec,reload size,type,energy/shot,energy/second,chargeup,chargedown,burst size,burst delay,min spread,max spread,spread/shot,spread decay/sec,beam speed,proj speed,launch speed,flight time,proj hitpoints,autofireAccBonus,extraArcForAI,hints,tags,groupTag,tech/manufacturer,for weapon tooltip>>,primaryRoleStr,speedStr,trackingStr,turnRateStr,accuracyStr,customPrimary,customPrimaryHL,customAncillary,customAncillaryHL,noDPSInTooltip,number
Pulsar Cannon,hellomod_pulsar,0,,69,900,,500,,0,0,,20,1,,ENERGY,300,,0,0.3,1,,0,6,2,5,,800,,,,,,SYSTEM,"no_drop, no_drop_salvage",,,,General,,,,,,,,,,900
AM Spewer,hellomod_amflamer,0,,69,450,,100,,5,0,,80,2,5,ENERGY,80,,0.05,0.05,5,0.1,5,40,2,5,,1000,,,,,,SYSTEM,"no_drop, no_drop_salvage",,,,General,,,,,,,,,,22.75
Tesla Lance,hellomod_tesla,0,,69,550,,150,450,0,5,,720,,,ENERGY,80,,1,12,30,,,,,,,10000,,,,,25,"STRIKE, USE_VS_FRIGATES, SYSTEM","no_drop, no_drop_salvage",,,,Suppression,,,,Perfect,Fires an EMP arc at the nearest target close to the weapon's current facing. The arc always hits.,,,,,19.25
,,,,,,,,,,,,,,,,,,,,,,,,,,,,,,,,,,,,,,,,,,,,,,,,
prime side deco,hellomod_deco_prime_side,,,,,,,,,,,,,,,,,,,,,,,,,,,,,,,,SYSTEM,"no_drop, no_drop_salvage",,,,,,,,,,,,,,
prime mid shading,hellomod_deco_prime_mid,,,,,,,,,,,,,,,,,,,,,,,,,,,,,,,,SYSTEM,"no_drop, no_drop_salvage",,,,,,,,,,,,,,
bell large cover,hellomod_deco_bell,,,,,,,,,,,,,,,,,,,,,,,,,,,,,,,,SYSTEM,"no_drop, no_drop_salvage",,,,,,,,,,,,,,