name,id,tier,rarity,base value,range,damage/second,damage/shot,emp,impact,turn rate,OPs,ammo,ammo/sec,reload size,type,energy/shot,energy/second,chargeup,chargedown,burst size,burst delay,min spread,max spread,spread/shot,spread decay/sec,beam speed,proj speed,launch speed,flight time,proj hitpoints,autofireAccBonus,extraArcForAI,hints,tags,groupTag,tech/manufacturer,for weapon tooltip>>,primaryRoleStr,speedStr,trackingStr,turnRateStr,accuracyStr,customPrimary,customPrimaryHL,customAncillary,customAncillaryHL,noDPSInTooltip,number
Mini Stasis Beam,hellomod_vorebeam,0,,100,400,75,,10,100,80,0,,,,KINETIC,,40,0.25,0.25,,,,,,,2000,,,,,,,"PD, SYSTEM","no_drop, no_drop_salvage",,,,Point Defense,,,,,,,,,,16.5
#Pulsar Cannon,hellomod_pulsar,0,,69,900,,500,,0,0,,20,1,,ENERGY,300,,0,0.3,1,,0,6,2,5,,800,,,,,,SYSTEM,"no_drop, no_drop_salvage",,,,General,,,,,,,,,,900
AM Spewer,hellomod_amflamer,0,,69,450,,100,,5,0,,80,2,5,ENERGY,80,,0.05,0.05,5,0.1,5,40,2,5,,1000,,,,,,SYSTEM,"no_drop, no_drop_salvage",,,,General,,,,,,,,,,22.75
Tesla Lance,hellomod_tesla,0,,69,550,,150,400,0,5,,600,,,ENERGY,80,,1,12,30,,,,,,,10000,,,,,25,"SYSTEM,STRIKE, USE_VS_FRIGATES, SYSTEM","no_drop, no_drop_salvage",,,,Suppression,,,,Perfect,Fires an EMP arc at the nearest target close to the weapon's current facing. The arc always hits.,,,,,19.25
,,,,,,,,,,,,,,,,,,,,,,,,,,,,,,,,,,,,,,,,,,,,,,,,
Flux Battery,hellomod_battery,2,,10000,1200,,1000,3000,100,4,10,3,,,ENERGY,0,,0,5,1,,0,0,0,,,200,220,10,800,,,"STRIKE, BOMB",hightech_bp,,,,Utility,,,,,Passively dissipates 100 flux/sec until 4000 flux has been dissipated. The battery can be fired when the lights turn on.,,,,,
#Zzzapgun,hellomod_zapgun,2,,10000,1000,,4000,500,20,3,20,,,,ENERGY,1500,,0.3,5,1,,,,,,,10000,,,,,,,,,,,Suppression,,,,,,,,,,
Rod Launcher,prodlauncher,1,,12000,900,,1500,300,50,8,11,4,,,HIGH_EXPLOSIVE,400,,0,10,1,,0,0,0,,,300,200,5,600,,,STRIKE,"missile_bp, merc",,,,Torpedo,,,,,When hitting hull the targets CR and peak time will be reduced.,,,,,
Dakka Dispenser,dakkabox,3,,30000,900,,1,,50,5,22,,,,HIGH_EXPLOSIVE,900,,,3,,0.1,10,50,5,2,,800,,,,,,,"rare_bp, pirates, merc",,,,Meme,,,,aCcUrRaCy,Fires 12 random projectiles in a wide cone.,,,,,
#Revolver Cannon,hellomod_revcannon,2,,6000,800,,120,,5,20,21,,,,HIGH_EXPLOSIVE,150,,0,1,1,,0,20,1,10,,600,,,80,,,,"lowtech_bp, merc",,,,Anti Armor,,,,,,,,,,7
,,,,,,,,,,,,,,,,,,,,,,,,,,,,,,,,,,,,,,,,,,,,,,,,
prime side deco,hellomod_deco_prime_side,,,,,,,,,,,,,,,,,,,,,,,,,,,,,,,,SYSTEM,"no_drop, no_drop_salvage",,,,,,,,,,,,,,
prime mid shading,hellomod_deco_prime_mid,,,,,,,,,,,,,,,,,,,,,,,,,,,,,,,,SYSTEM,"no_drop, no_drop_salvage",,,,,,,,,,,,,,
bell large cover,hellomod_deco_bell,,,,,,,,,,,,,,,,,,,,,,,,,,,,,,,,SYSTEM,"no_drop, no_drop_salvage",,,,,,,,,,,,,,
voidstalker back cover,hellomod_deco_voidstalker_back,,,,,,,,,,,,,,,,,,,,,,,,,,,,,,,,SYSTEM,"no_drop, no_drop_salvage",,,,,,,,,,,,,,