name,id,tier,rarity,base value,range,damage/second,damage/shot,emp,impact,turn rate,OPs,ammo,ammo/sec,reload size,type,energy/shot,energy/second,chargeup,chargedown,burst size,burst delay,min spread,max spread,spread/shot,spread decay/sec,beam speed,proj speed,launch speed,flight time,proj hitpoints,autofireAccBonus,extraArcForAI,hints,tags,groupTag,tech/manufacturer,for weapon tooltip>>,primaryRoleStr,speedStr,trackingStr,turnRateStr,accuracyStr,customPrimary,customPrimaryHL,customAncillary,customAncillaryHL,noDPSInTooltip,number
Mini Stasis Beam,fp_vorebeam,0,,69,400,75,,10,100,80,0,,,,KINETIC,,40,0.25,0.25,,,,,,,2000,,,,,,,"PD, SYSTEM","no_drop, no_drop_salvage",,,,Point Defense,,,,,,,,,,16.5
#Pulsar Cannon,fp_pulsar,0,,69,900,,500,,0,0,,20,1,,ENERGY,300,,0,0.3,1,,0,6,2,5,,800,,,,,,SYSTEM,"no_drop, no_drop_salvage",,,,General,,,,,,,,,,900
Tracker Missile,fp_tracker_missile,0,,69,1200,,350,,40,8,69,,,,HIGH_EXPLOSIVE,0,,0,9,1,,0,0,0,0,,400,400,4,350,,,GUIDED_POOR,"no_drop, no_drop_salvage",,,,Torpedo,Fast,Good,,,,,,,TRUE,9.5
Tesla Lance,fp_tesla,0,,69,550,,150,400,0,5,,600,,,ENERGY,80,,1,12,30,,,,,,,10000,,,,,25,"SYSTEM,STRIKE, USE_VS_FRIGATES, SYSTEM","no_drop, no_drop_salvage",,,,Suppression,,,,Perfect,Fires an EMP arc at the nearest target close to the weapon's current facing. The arc always hits.,,,,,19.25
Pulse Cannon,fp_pulsecannon,0,,69,800,,400,,,12,50,,,,ENERGY,400,,0.5,1.5,1,,,,,,,950,,,500,,,SYSTEM,"no_drop, no_drop_salvage",,,,General,,,,,Projectiles explode upon hitting a target or reaching maximum range.,,,,,
Bore Laser,fp_borelaser,0,,69,180,500,,,200,7,50,,,,HIGH_EXPLOSIVE,,600,0.5,1,6,,,,,,10000,,,,,,,SYSTEM,"no_drop, no_drop_salvage",,,,Mining,,,,,,,,,,27
Heatsink,fp_heatsink,,,,1000,,20,120,,,,0,0,,FRAGMENTATION,0,0,0,12,20,0.05,90,90,0,0,,150,450,2,1,,,"SYSTEM, DO_NOT_AIM, DO_NOT_CONSERVE, PD_ALSO, FIRE_WHEN_INEFFICIENT","no_drop, no_drop_salvage",,,,,,,,,Use to recharge the empty TPC.,,,,,36
Thermal Pulse Cannon,fp_badtpc,0,,100000,800,,250,,0,0,,20,0,,ENERGY,150,,0,0.2,1,,0,12,2,5,,1000,,,,,,"SYSTEM,SHOW_IN_CODEX","no_drop, no_drop_salvage",TPC_only,,,General,,,,,To restore charges please manually empty the heatsink.,,,,,40
Thermal Blaster,fp_babytpc,0,,100000,700,,180,,0,0,,15,0.5,3,ENERGY,120,,0,1.5,3,0.1,0,6,1,3,,800,,,,,,SYSTEM,"no_drop, no_drop_salvage",,,,General,,,,,,,,,,40
Reactive Armour (HE),fp_reactivecharge,0,,1500,800,,450,,20,30,69,50,,,HIGH_EXPLOSIVE,0,,0,1,1,,0,0,0,0,,600,,,,,,SYSTEM,"no_drop, no_drop_salvage",,,,General,,,,,,,,,TRUE,13
RA(HE) Fighter,fp_reactivecharge_fighter,0,,1500,550,,250,100,20,30,69,50,,,HIGH_EXPLOSIVE,0,,0,1,1,,0,0,0,0,,600,,,,,,SYSTEM,"no_drop, no_drop_salvage",,,,General,,,,,,,,,TRUE,13
Reactive Armour (Kinetic),fp_reactivekinetic,0,,1500,700,,150,75,20,30,69,50,,,KINETIC,0,,0,1,1,,0,0,0,0,,1100,,,,,,SYSTEM,"no_drop, no_drop_salvage",,,,General,,,,,,,,,TRUE,13
Artillery Mine Spawner,fp_artillery_spawn,0,,69,1000,,950,,25,30,12,30,,,HIGH_EXPLOSIVE,0,,0,3,1,,0,0,0,0,,0,50,20,500,,,SYSTEM,"no_drop, no_drop_salvage",,,,,,,,,,,,,,38.5
Integrated Thumper,fp_smolboi_thump,0,,69,800,,120,,1,25,69,60,5,20,FRAGMENTATION,30,,0,0.55,20,0.05,0,7,1,20,,1200,,,40,,,SYSTEM,"no_drop, no_drop_salvage",,,,General,,,,,,,,,,3.8
Phase Disruptor,fp_phasegun,0,,69,900,,700,200,0,10,,,,,ENERGY,500,,1,15,1,,,,,,,1000,,,,,25,"SYSTEM,STRIKE","no_drop, no_drop_salvage",,,,Suppression,,,,Perfect,Hits on armor or hull puts the target into phase space for up to 10 seconds.,,,,,19.25
Integrated Flashbeam,fp_flashbeam_builtin,0,,69,650,2400,,800,0,20,69,3,0.4,3,ENERGY,,1800,0.05,0.1,0.15,0.1,,,,,14000,,,,,,,SYSTEM,"no_drop, no_drop_salvage",,,,General,,,,,,,,,,20
Teracannon,fp_exacannon,3,,69,1000,,2000,,1000,4,69,,,,ENERGY,1900,,4,17,,,0,0,0,0,,900,,,,,,"SYSTEM,STRIKE,GROUP_ALTERNATING","no_drop, no_drop_salvage",,,,Strike,,,,,Projectiles explode dealing up to 400 energy damage. ,,,,,28
,,,,,,,,,,,,,,,,,,,,,,,,,,,,,,,,,,,,,,,,,,,,,,,,
#Co-op Laser,fp_cooplaser,1,,200,400,75,,,0,100,4,,,,ENERGY,,40,0,0.25,,,,,,,2400,,,,,,,PD,"pd8, beam8, hightech_bp, merc",,,,Point Defense,,,,,,,,,,17
Heavy Flamer,fp_amflamer,2,,5000,550,,75,,5,8,24,250,8,250,ENERGY,55,,0,0.1,5,0.05,1,2,1,2,,350,,,,,,,"he7, energy7,lowtech_bp, luddic_church, luddic_path, pirates, pirate_bp",,,,Purging,,,,,Deals soft flux damage. Hits on armor burn 20 armour over 8 seconds.,,,,,22.75
#Boomer ang,fp_boomerang,2,,5000,1200,,1500,3000,100,8,10,3,,,ENERGY,0,,0,5,1,,0,0,0,,,200,220,10,900,,,"DO_NOT_AIM, DO_NOT_CONSERVE, FIRE_WHEN_INEFFICIENT","hightech_bp, merc",,,,Utility,,,,,,,,,TRUE,
TWP 2x,fp_twp2x,1,,280,450,,90,,8,15,4,,,,HIGH_EXPLOSIVE,80,,0,2,1,,0,3,2,10,,950,,,10,,,,"he3, strike0, base_bp, ind",,,,Anti Armor,,,,,,,,,,4351
Flashbeam,fp_flashbeam,1,,3000,600,2100,,600,0,20,8,3,0.35,3,ENERGY,,1900,0.05,0.1,0.15,0.1,,,,,14000,,,,,,,,"sector8_bp, ind, merc, strike8, hist1t",,,,General,,,,,,,,,,20
Atropos-class Torpedo Pod,fp_medatropos,2,0.5,4100,1200,,1000,,40,8,10,10,,,HIGH_EXPLOSIVE,0,,0,9,1,,0,0,0,0,,400,150,4,300,,,GUIDED_POOR,"strike10, missile1, missile_bp, merc",,,,Torpedo,Fast,Good,,,,,,,TRUE,9.5
Shortcircuit,fp_shortcircuit,1,,5500,1300,,500,,60,8,12,6,,,KINETIC,200,,0,12,1,,0,0,0,0,,320,600,6,500,,,STRIKE,"midline_bp, merc, hegemony, missile12, strike7",,,,Anti Shield,Medium,None,,,Hits on shields forces it toggled on and sets shield flux/damage to 1.0 temporarily.,,,,TRUE,9.5
Flux Battery,fp_battery,2,,5000,1200,,1000,500,100,8,9,3,,,FRAGMENTATION,0,,0,1,1,,0,0,0,,,,175,8,800,,,"DO_NOT_AIM, DO_NOT_CONSERVE, FIRE_WHEN_INEFFICIENT","hightech_bp, merc, utility3",,,,Utility,,None,,,Passively dissipates 100 flux/sec until 4000 flux has been dissipated. The battery zaps nearby targets once fired.,,,,TRUE,
Zzzapgun,fp_zapgun,2,,10000,850,,2000,500,20,3,24,,,,ENERGY,1750,,2,3.5,1,,,,,,,10000,,,,,,,"rare_bp, merc, pirates, LR, energy9",,,,General,,,,,Deals a random amount of damage between 100 and 4500.,,,,TRUE,
Rod Launcher,fp_prodlauncher,1,,2700,900,,2000,,50,8,11,6,,,ENERGY,0,,0,10,1,,0,0,0,,,350,100,5,700,,,STRIKE,"missile_bp, merc, strike12, rocket8",,,,Torpedo,,,,,"Hits on hull damages CR, reduced by armour. Hits on shield adds 1000 soft flux.",,,,TRUE,
Redstone Torpedo,fp_redstone,1,,1600,1800,,1000,1000,30,14,2,2,,,ENERGY,100,,0,5,1,,0,0,0,,,550,50,4,650,,,"DO_NOT_AIM, STRIKE","missile_bp, merc, persean, diktat, missile5",,,,Torpedo,,,,,When impacting hull the ship's system activates and an EMP shock is delivered. If the system is on cooldown the EMP shock is more powerful.,,,,TRUE,
Redstone Torpedo Block,fp_med_redstone,1,,4750,1800,,1000,1000,30,9,12,3,0.05,1,ENERGY,100,,0,7,1,,0,0,0,,,550,50,4,650,,,"DO_NOT_AIM, STRIKE","rare_bp, merc, persean, diktat, missile5",,,,Torpedo,,,,,When impacting hull the ship's system activates and an EMP shock is delivered. If the system is on cooldown the EMP shock is more powerful.,,,,TRUE,
Dakka Dispenser,fp_dakkabox,3,0.2,30000,900,,1,,50,5,30,,,,ENERGY,900,,,2.5,,0.1,10,50,5,2,,800,,,,,,,"rare_bp, pirates, he1,energy1,missile1",,,,Meme,,,,aCcUrRaCy,Fires 12 random projectiles in a wide cone.,,,,,
Repeater Cannon,fp_revcannon,1,,8000,800,,350,,40,12,22,,,,KINETIC,320,,0.05,1,99,0.2,0,12,1,3,,600,,,,,,,"midline_bp, luddic_church, merc, kinetic14",,,,Anti Shield,,,,,Rate of fire increases with each shot up to a maximum of 5/sec. Each second not firing decreases the rate of fire.,,,,TRUE,7
Dual Autopulse Laser,fp_dual_autopulse,3,,12000,700,,150,,0,10,35,80,4,,ENERGY,125,,0.05,,1,,0,10,1,5,,1000,,,,,,,"rare_bp, persean, merc, energy6, lions_guard",,,,General,,,,,,,,,,25
Overcharger,fp_overcharger,2,,4000,575,,120,,0,23,11,,,,ENERGY,110,,0.5,0,99,0.05,3,15,1,5,,600,,,,,,,"hightech_bp, tritachyon, merc, energy11",,,,General,,,,,"Rate of fire decreases with each shot, increases while not firing.",,,,TRUE,19.25
Phase Disruptor Mk.2,fp_phasegunM,3,,16000,1050,,2200,200,200,10,28,,,,ENERGY,1800,,1.5,11,1,,,,,,,1000,,,,,,STRIKE,"tritachyon, rare_bp, merc, utility20",,,,Suppression,,,,Perfect,Hits on hull puts the target and surrounding ships into phase space for a short duration.,,,,,19.25
Graviton Array,fp_gravitonbattery,1,,3200,1100,360,,,60,12,18,,,,KINETIC,,230,0.1,0.1,,,,,,,2400,,,,,,,,"beam12, kinetic11, LR, hightech_bp, midline_bp, merc",,,,Suppression,,,,,Gravitic effects slow and push target off-course. The effect is minor and is most noticeable vs fighters and missiles.,,,,,21
Dud Hammer Barrage,fp_dud_hammerrack,2,,1100,1200,,1500,,30,10,18,24,,,KINETIC,0,,0,5,4,0.15,0,0,0,0,,500,40,4,450,,,STRIKE,"luddic_church, luddic_path, merc, missile5, strike10",,,,Torpedo,Fast,None,,,Torpedos have a 50% chance of flaming out unless blessed by ludd.,,,,TRUE,16.4
Twin-Thumper,fp_twinthumper,0,,1400,800,,100,,1,18,14,160,10,40,FRAGMENTATION,30,,0,0.55,20,0.05,0,7,1,20,,800,,,30,,,,"kinetic9, lowtech_bp, pirates, merc",,,,General,,,,,,,,,,3.8
Shatterer Artillery,fp_artillery,3,,8000,1300,,1000,,0,5,28,,,,HIGH_EXPLOSIVE,1000,,0,6,1,,0,5,5,10,,450,,,,,,DIRECT_AIM,"rare_bp, hegemony, luddic_church, merc, independent, he3",,,,Support,,,,,Fires an arcing projectile with a minimum range of 800 towards the crosshair's location.,,,,,8
Shield Projector [L],fp_shieldgen,2,,7000,750,,1,,0,7,17,,,,FRAGMENTATION,25,,0,0.1,1,,0,0,0,0,,5000,,,,,,"PD, FIRE_WHEN_INEFFICIENT","hightech_bp, merc, pd10, utility8",,,,Defense,,,,,Projects a shield with a 60 degree arc and 6000 flux capacity towards the guns facing. If used in a missile capable mount the shield is 20% more effective.,,,,,16.5
Shield Projector [M],fp_shieldgenM,2,,3000,550,,1,,0,11,12,,,,FRAGMENTATION,15,,0,0.1,1,,0,0,0,0,,3000,,,,,,"PD, FIRE_WHEN_INEFFICIENT","rare_bp, merc, pd8, utility6",,,,Defense,,,,,Projects a shield with a 50 degree arc and 3000 flux capacity towards the guns facing. If used in a missile capable mount the shield is 20% more effective.,,,,,16.5
Mag-Mine,fp_magmine,2,0.6,2500,3000,,2500,400,200,9,8,5,0.06,,HIGH_EXPLOSIVE,0,,0,10,1,,0,0,0,0,,,90,60,1000,,,,"utility13, missile7, missile_bp, merc, ind",,,,Mine,Slow,Good,,,"Arming time 5 seconds, no tracking until the mine is armed. Ignores fighters.",,,,TRUE,9.5
#MLRS,fp_mlrs,2,0.5,4100,1200,,1000,,40,14,25,30,,,HIGH_EXPLOSIVE,0,,3,5,1,,0,0,0,0,,400,300,4,300,,,GUIDED_POOR,"strike9, missile1, missile_bp, merc",,,,Missile,Fast,Good,,,,,,,TRUE,9.5
#High Velocity Piercer,fp_piercer,3,0.3,2250,1000,,400,100,40,10,13,,,,KINETIC,350,,1,3,1,,,,,,,1100,,,400,,,,"kinetic16, LR, remnant, rare_bp, merc",,,,General,,,,,,,,,,5.5
Tether,fp_tether,3,0.3,2250,1000,,100,,150,10,10,1,0.1,1,FRAGMENTATION,350,,,3,1,,,,,,,700,400,1,600,,,STRIKE,"utility10, LR, remnant, rare_bp, merc, pirates",,,,Utility,Fast,,,,On impact with hull the firing ship will be tethered to the target.,,,,,5.5
Tracker Cannon,fp_tracker,0,,1600,700,,160,,20,11,11,,,,KINETIC,180,,0,1.5,2,0.35,0,6,5,15,,900,,,40,,,RESET_BARREL_INDEX_ON_BURST,"kinetic8, persean, ind, midline_bp",,,,General,,,,,After 4 hits on hull a 350 damage high explosive missile is fired at the target.,,,,,4.125
,,,,,,,,,,,,,,,,,,,,,,,,,,,,,,,,,,,,,,,,,,,,,,,,
prime side deco,fp_deco_prime_side,,,,,,,,,,,,,,,,,,,,,,,,,,,,,,,,SYSTEM,"no_drop, no_drop_salvage",,,,,,,,,,,,,,
prime mid shading,fp_deco_prime_mid,,,,,,,,,,,,,,,,,,,,,,,,,,,,,,,,SYSTEM,"no_drop, no_drop_salvage",,,,,,,,,,,,,,
bell large cover,fp_deco_bell,,,,,,,,,,,,,,,,,,,,,,,,,,,,,,,,SYSTEM,"no_drop, no_drop_salvage",,,,,,,,,,,,,,
voidstalker back cover,fp_deco_voidstalker_back,,,,,,,,,,,,,,,,,,,,,,,,,,,,,,,,SYSTEM,"no_drop, no_drop_salvage",,,,,,,,,,,,,,
tonk deco,fp_deco_tonk,,,,,,,,,,,,,,,,,,,,,,,,,,,,,,,,SYSTEM,"no_drop, no_drop_salvage",,,,,,,,,,,,,,
phaseminer deco,fp_deco_phaseminer,,,,,,,,,,,,,,,,,,,,,,,,,,,,,,,,SYSTEM,"no_drop, no_drop_salvage",,,,,,,,,,,,,,
condorcap deco,fp_condorcap_deco,,,,,,,,,,,,,,,,,,,,,,,,,,,,,,,,SYSTEM,"no_drop, no_drop_salvage",,,,,,,,,,,,,,
canard deco,fp_deco_canard,,,,,,,,,,,,,,,,,,,,,,,,,,,,,,,,SYSTEM,"no_drop, no_drop_salvage",,,,,,,,,,,,,,
elite deco,fp_deco_elite,,,,,,,,,,,,,,,,,,,,,,,,,,,,,,,,SYSTEM,"no_drop, no_drop_salvage",,,,,,,,,,,,,,
adjucator deco,fp_deco_adjucator_front,,,,,,,,,,,,,,,,,,,,,,,,,,,,,,,,SYSTEM,"no_drop, no_drop_salvage",,,,,,,,,,,,,,
,fp_vernier,,,,1,,,,,,,,,,,,,,1,,,,,,,,,,,,,,SYSTEM,,,,,,,,,,,,,,,
