name,id,tier,rarity,base value,range,damage/second,damage/shot,emp,impact,turn rate,OPs,ammo,ammo/sec,reload size,type,energy/shot,energy/second,chargeup,chargedown,burst size,burst delay,min spread,max spread,spread/shot,spread decay/sec,beam speed,proj speed,launch speed,flight time,proj hitpoints,autofireAccBonus,extraArcForAI,hints,tags,groupTag,tech/manufacturer,for weapon tooltip>>,primaryRoleStr,speedStr,trackingStr,turnRateStr,accuracyStr,customPrimary,customPrimaryHL,customAncillary,customAncillaryHL,noDPSInTooltip,number
Mini Stasis Beam,fp_vorebeam,0,,100,400,75,,10,100,80,0,,,,KINETIC,,40,0.25,0.25,,,,,,,2000,,,,,,,"PD, SYSTEM","no_drop, no_drop_salvage",,,,Point Defense,,,,,,,,,,16.5
#Pulsar Cannon,fp_pulsar,0,,69,900,,500,,0,0,,20,1,,ENERGY,300,,0,0.3,1,,0,6,2,5,,800,,,,,,SYSTEM,"no_drop, no_drop_salvage",,,,General,,,,,,,,,,900
AM Spewer,fp_amflamer,0,,69,450,,100,,5,0,,80,2,5,ENERGY,80,,0.05,0.05,5,0.1,5,40,2,5,,1000,,,,,,SYSTEM,"no_drop, no_drop_salvage",,,,General,,,,,,,,,,22.75
Tesla Lance,fp_tesla,0,,69,550,,150,400,0,5,,600,,,ENERGY,80,,1,12,30,,,,,,,10000,,,,,25,"SYSTEM,STRIKE, USE_VS_FRIGATES, SYSTEM","no_drop, no_drop_salvage",,,,Suppression,,,,Perfect,Fires an EMP arc at the nearest target close to the weapon's current facing. The arc always hits.,,,,,19.25
Pulse Cannon,fp_pulsecannon,0,,69,800,,400,,,12,50,,,,ENERGY,400,,0.5,1,1,,,,,,,950,,,500,,,SYSTEM,"no_drop, no_drop_salvage",,,,General,,,,,Projectiles explode upon hitting a target or reaching maximum range.,,,,,
Bore Laser,fp_borelaser,0,,69,180,500,,,200,7,50,,,,HIGH_EXPLOSIVE,,600,0.5,1,6,,,,,,10000,,,,,,,SYSTEM,"no_drop, no_drop_salvage",,,,Mining,,,,,,,,,,27
Heatsink,fp_heatsink,,,,1000,,20,120,,,,0,0,,FRAGMENTATION,0,0,0,12,20,0.05,90,90,0,0,,150,450,2,1,,,"SYSTEM, DO_NOT_AIM, DO_NOT_CONSERVE, PD_ALSO, FIRE_WHEN_INEFFICIENT","no_drop, no_drop_salvage",,,,,,,,,Use to recharge the empty TPC.,,,,,36
Thermal Pulse Cannon,fp_badtpc,0,,100000,800,,250,,0,0,,20,0,,ENERGY,150,,0,0.2,1,,0,12,2,5,,1000,,,,,,"SYSTEM,SHOW_IN_CODEX","no_drop, no_drop_salvage",TPC_only,,,General,,,,,To restore charges please manually empty the heatsink.,,,,,40
Thermal Blaster,fp_babytpc,0,,100000,700,,180,,0,0,,15,0.5,3,ENERGY,120,,0,1.5,3,0.1,0,6,1,3,,800,,,,,,SYSTEM,"no_drop, no_drop_salvage",,,,General,,,,,,,,,,40
Reactive Armour (HE),fp_reactivecharge,0,,1500,750,,400,100,20,30,69,50,,,HIGH_EXPLOSIVE,0,,0,1,1,,0,0,0,0,,600,,,,,,SYSTEM,"no_drop, no_drop_salvage",,,,General,,,,,,,,,TRUE,13
RA(HE) Fighter,fp_reactivecharge_fighter,0,,1500,550,,200,100,20,30,69,50,,,HIGH_EXPLOSIVE,0,,0,1,1,,0,0,0,0,,600,,,,,,SYSTEM,"no_drop, no_drop_salvage",,,,General,,,,,,,,,TRUE,13
Reactive Armour (Kinetic),fp_reactivekinetic,0,,1500,550,,300,50,20,30,69,50,,,KINETIC,0,,0,1,1,,0,0,0,0,,1100,,,,,,SYSTEM,"no_drop, no_drop_salvage",,,,General,,,,,,,,,TRUE,13
#Quake Cannon,fp_biggun,0,,69,1200,,1400,200,1000,4,69,,,,HIGH_EXPLOSIVE,1200,,0,10,1,,0,10,5,10,,600,,,1600,,,SYSTEM,"no_drop, no_drop_salvage",,,,Anti Armor,,,,,,,,,,8
Artillery Mine Spawner,fp_artillery_spawn,0,,200000,1000,,950,,25,30,12,30,,,HIGH_EXPLOSIVE,0,,0,3,1,,0,0,0,0,,0,50,20,500,,,SYSTEM,"no_drop, no_drop_salvage",,,,,,,,,,,,,,38.5
Integrated Thumper,fp_smolboi_thump,0,,69,800,,120,,1,25,69,60,5,20,FRAGMENTATION,30,,0,0.55,20,0.05,0,7,1,20,,1200,,,40,,,SYSTEM,"no_drop, no_drop_salvage",,,,General,,,,,,,,,,3.8
Phase Disruptor,fp_phasegun,0,,69,900,,700,200,0,10,,,,,ENERGY,500,,1,15,1,,,,,,,1000,,,,,25,"SYSTEM,STRIKE","no_drop, no_drop_salvage",,,,Suppression,,,,Perfect,Hits on armor or hull puts the target into phase space for up to 10 seconds.,,,,,19.25
,,,,,,,,,,,,,,,,,,,,,,,,,,,,,,,,,,,,,,,,,,,,,,,,
#Co-op Laser,fp_cooplaser,1,,200,400,75,,,0,100,4,,,,ENERGY,,40,0,0.25,,,,,,,2400,,,,,,,PD,"pd8, beam8, hightech_bp, merc",,,,Point Defense,,,,,,,,,,17
#Boomer ang,fp_boomerang,2,,5000,1200,,1500,3000,100,8,10,3,,,ENERGY,0,,0,5,1,,0,0,0,,,200,220,10,900,,,"DO_NOT_AIM, DO_NOT_CONSERVE, FIRE_WHEN_INEFFICIENT","hightech_bp, merc",,,,Utility,,,,,,,,,TRUE,
Atropos-class Torpedo Pod,fp_medatropos,2,0.5,4100,1200,,1000,,40,8,10,10,,,HIGH_EXPLOSIVE,0,,0,9,1,,0,0,0,0,,400,150,4,300,,,GUIDED_POOR,"strike9, missile1, missile_bp, merc",,,,Torpedo,Fast,Good,,,,,,,TRUE,9.5
Shortcircuit,fp_shortcircuit,1,,5500,1300,,500,,60,8,12,6,,,KINETIC,200,,0,12,1,,0,0,0,0,,320,600,6,500,,,STRIKE,"midline_bp, merc, hegemony",,,,Anti Shield,Medium,None,,,Hits on temporarily forces shields toggled on and sets shield flux/damage to 1.0.,,,,TRUE,9.5
Flux Battery,fp_battery,2,,5000,1200,,1500,3000,100,8,10,3,,,ENERGY,0,,0,5,1,,0,0,0,,,200,220,10,900,,,"DO_NOT_AIM, DO_NOT_CONSERVE, FIRE_WHEN_INEFFICIENT","hightech_bp, merc",,,,Utility,,,,,Passively dissipates 100 flux/sec until 4000 flux has been dissipated. The battery can be fired when the lights turn on.,,,,TRUE,
#Zzzapgun,fp_zapgun,2,,10000,1000,,4000,500,20,3,20,,,,ENERGY,1500,,0.3,5,1,,,,,,,10000,,,,,,,,,,,Suppression,,,,,,,,,,
Rod Launcher,fp_prodlauncher,1,,2700,900,,1500,300,50,8,11,4,,,HIGH_EXPLOSIVE,400,,0,10,1,,0,0,0,,,350,100,5,700,,,STRIKE,"missile_bp, merc",,,,Torpedo,,,,,When hitting hull the targets CR and peak time will be reduced.,,,,TRUE,
Redstone Torpedo,fp_redstone,1,,1600,1800,,600,1000,30,14,2,2,,,ENERGY,100,,0,5,1,,0,0,0,,,550,50,7,650,,,DO_NOT_AIM,"missile_bp, merc, tritachyon, persean, diktat",,,,Torpedo,,,,,When impacting hull the ship's system activates and an EMP shock is delivered. If the system is on cooldown the EMP shock is more powerful.,,,,TRUE,
Redstone Torpedo Block,fp_med_redstone,1,,4750,1800,,600,1000,30,9,12,3,0.05,1,ENERGY,100,,0,7,1,,0,0,0,,,550,50,7,650,,,DO_NOT_AIM,"rare_bp, merc, tritachyon, persean, diktat",,,,Torpedo,,,,,When impacting hull the ship's system activates and an EMP shock is delivered. If the system is on cooldown the EMP shock is more powerful.,,,,TRUE,
Dakka Dispenser,fp_dakkabox,3,,30000,900,,1,,50,5,30,,,,ENERGY,900,,,3,,0.1,10,50,5,2,,800,,,,,,,"rare_bp, pirates, merc",,,,Meme,,,,aCcUrRaCy,Fires 12 random projectiles in a wide cone.,,,,,
Repeater Cannon,fp_revcannon,1,,8000,800,,350,,40,12,22,,,,KINETIC,320,,0.05,1,99,0.2,0,12,1,3,,600,,,,,,,"midline_bp, luddic_church, merc",,,,Anti Shield,,,,,Rate of fire increases with each shot up to a maximum of 5/sec. Each second not firing decreases the rate of fire.,,,,TRUE,7
Dual Autopulse Laser,fp_dual_autopulse,3,,12000,700,,150,,0,10,35,80,4,,ENERGY,125,,0.05,,1,,0,10,1,5,,1000,,,,,,,"rare_bp, persean, merc",,,,General,,,,,,,,,,25
Overcharger,fp_overcharger,2,,4000,575,,130,,0,23,12,,,,ENERGY,135,,0.5,0,99,0.05,3,10,1,5,,700,,,,,,,"hightech_bp, tritachyon, merc",,,,General,,,,,"Rate of fire decreases with each shot, increases while not firing.",,,,TRUE,19.25
Phase Disruptor Mk.2,fp_phasegunM,3,,16000,1050,,2200,200,200,10,24,,,,ENERGY,1800,,2,11,1,,,,,,,1000,,,,,,STRIKE,"tritachyon, rare_bp, merc",,,,Suppression,,,,Perfect,Hits on hull puts the target and surrounding ships into phase space for a short duration.,,,,,19.25
Graviton Array,fp_gravitonbattery,2,,3200,1100,360,,,60,12,18,,,,KINETIC,,230,0.1,0.1,,,,,,,2400,,,,,,,,"beam12, kinetic11, LR, hightech_bp, midline_bp, merc",,,,Suppression,,,,,Gravitic effects slow and push target off-course. The effect is minor and is most noticeable vs fighters and missiles.,,,,,21
Dud Hammer Barrage,fp_dud_hammerrack,1,,1100,1200,,1500,,30,10,18,24,,,KINETIC,0,,0,5,4,0.15,0,0,0,0,,500,40,4,450,,,STRIKE,"missile_bp, luddic_church, luddic_path, merc",,,,Torpedo,Fast,None,,,Torpedos have a 50% chance of flaming out unless blessed by ludd.,,,,TRUE,16.4
Twin-Thumper,fp_twinthumper,0,,1400,800,,100,,1,18,14,160,8,40,FRAGMENTATION,30,,0,0.55,20,0.05,0,7,1,20,,800,,,30,,,,"kinetic8, lowtech_bp, pirates, merc",,,,General,,,,,,,,,,3.8
Shatterer Artillery,fp_artillery,0,,8000,1400,,950,,0,5,28,,,,HIGH_EXPLOSIVE,1000,,0,7,1,,0,5,5,10,,450,,,,,,DIRECT_AIM,"rare_bp, hegemony, luddic_church, merc",,,,Support,,,,,Fires an arcing projectile with a minimum range of 800 towards the crosshair's location.,,,,,8
#High Velocity Piercer,fp_piercer,3,0.3,2250,1000,,400,100,40,10,13,,,,KINETIC,350,,1,3,1,,,,,,,1100,,,400,,,,"kinetic16, LR, remnant, rare_bp, merc",,,,General,,,,,,,,,,5.5
#Tether,fp_tether,3,0.3,2250,1000,,400,100,40,10,13,,,,FRAGMENTATION,350,,,3,1,,,,,,,1100,,,400,,,,"kinetic16, LR, remnant, rare_bp, merc",,,,General,,,,,,,,,,5.5
,,,,,,,,,,,,,,,,,,,,,,,,,,,,,,,,,,,,,,,,,,,,,,,,
prime side deco,fp_deco_prime_side,,,,,,,,,,,,,,,,,,,,,,,,,,,,,,,,SYSTEM,"no_drop, no_drop_salvage",,,,,,,,,,,,,,
prime mid shading,fp_deco_prime_mid,,,,,,,,,,,,,,,,,,,,,,,,,,,,,,,,SYSTEM,"no_drop, no_drop_salvage",,,,,,,,,,,,,,
bell large cover,fp_deco_bell,,,,,,,,,,,,,,,,,,,,,,,,,,,,,,,,SYSTEM,"no_drop, no_drop_salvage",,,,,,,,,,,,,,
voidstalker back cover,fp_deco_voidstalker_back,,,,,,,,,,,,,,,,,,,,,,,,,,,,,,,,SYSTEM,"no_drop, no_drop_salvage",,,,,,,,,,,,,,
tonk deco,fp_deco_tonk,,,,,,,,,,,,,,,,,,,,,,,,,,,,,,,,SYSTEM,"no_drop, no_drop_salvage",,,,,,,,,,,,,,
phaseminer deco,fp_deco_phaseminer,,,,,,,,,,,,,,,,,,,,,,,,,,,,,,,,SYSTEM,"no_drop, no_drop_salvage",,,,,,,,,,,,,,
condorcap deco,fp_condorcap_deco,,,,,,,,,,,,,,,,,,,,,,,,,,,,,,,,SYSTEM,"no_drop, no_drop_salvage",,,,,,,,,,,,,,
