name,id,tier,rarity,base value,range,damage/second,damage/shot,emp,impact,turn rate,OPs,ammo,ammo/sec,reload size,type,energy/shot,energy/second,chargeup,chargedown,burst size,burst delay,min spread,max spread,spread/shot,spread decay/sec,beam speed,proj speed,launch speed,flight time,proj hitpoints,autofireAccBonus,extraArcForAI,hints,tags,groupTag,tech/manufacturer,for weapon tooltip>>,primaryRoleStr,speedStr,trackingStr,turnRateStr,accuracyStr,customPrimary,customPrimaryHL,customAncillary,customAncillaryHL,noDPSInTooltip,number
Mini Stasis Beam,hellomod_vorebeam,0,,100,400,75,,10,100,80,0,,,,KINETIC,,40,0.25,0.25,,,,,,,2000,,,,,,,"PD, SYSTEM","no_drop, no_drop_salvage",,,,Point Defense,,,,,,,,,,16.5
#Pulsar Cannon,hellomod_pulsar,0,,69,900,,500,,0,0,,20,1,,ENERGY,300,,0,0.3,1,,0,6,2,5,,800,,,,,,SYSTEM,"no_drop, no_drop_salvage",,,,General,,,,,,,,,,900
AM Spewer,hellomod_amflamer,0,,69,450,,100,,5,0,,80,2,5,ENERGY,80,,0.05,0.05,5,0.1,5,40,2,5,,1000,,,,,,SYSTEM,"no_drop, no_drop_salvage",,,,General,,,,,,,,,,22.75
Tesla Lance,hellomod_tesla,0,,69,550,,150,400,0,5,,600,,,ENERGY,80,,1,12,30,,,,,,,10000,,,,,25,"SYSTEM,STRIKE, USE_VS_FRIGATES, SYSTEM","no_drop, no_drop_salvage",,,,Suppression,,,,Perfect,Fires an EMP arc at the nearest target close to the weapon's current facing. The arc always hits.,,,,,19.25
Pulse Cannon,hellomod_pulsecannon,0,,69,800,,400,,,12,50,,,,ENERGY,400,,0.5,1,1,,,,,,,950,,,500,,,SYSTEM,"no_drop, no_drop_salvage",,,,General,,,,,Projectiles explode upon hitting a target or reaching maximum range.,,,,,
Bore Laser,hellomod_borelaser,0,,69,125,600,,,200,7,50,,,,HIGH_EXPLOSIVE,,600,0.5,1,6,,,,,,10000,,,,,,,SYSTEM,"no_drop, no_drop_salvage",,,,Mining,,,,,,,,,,27
Heatsink,hellomod_heatsink,,,,1000,,20,100,,,,0,0,,FRAGMENTATION,0,0,0,0.05,20,10,90,90,0,0,,150,450,2,1,,,"SYSTEM, DO_NOT_AIM, DO_NOT_CONSERVE, PD_ALSO","no_drop, no_drop_salvage",,,,,,,,,Use to recharge the empty TPC.,,,,,36
Thermal Pulse Cannon,badtpc,0,,100000,1000,,250,,0,0,,20,0,,ENERGY,140,,0,0.2,1,,0,10,2,5,,1000,,,,,,"SYSTEM,SHOW_IN_CODEX","no_drop, no_drop_salvage",TPC_only,,,General,,,,,To restore charges please manually empty the heatsink.,,,,,40
,,,,,,,,,,,,,,,,,,,,,,,,,,,,,,,,,,,,,,,,,,,,,,,,
Flux Battery,hellomod_battery,2,,10000,1200,,1000,3000,100,4,10,3,,,ENERGY,0,,0,5,1,,0,0,0,,,200,220,10,800,,,"DO_NOT_AIM, DO_NOT_CONSERVE",hightech_bp,,,,Utility,,,,,Passively dissipates 100 flux/sec until 4000 flux has been dissipated. The battery can be fired when the lights turn on.,,,,,
#Zzzapgun,hellomod_zapgun,2,,10000,1000,,4000,500,20,3,20,,,,ENERGY,1500,,0.3,5,1,,,,,,,10000,,,,,,,,,,,Suppression,,,,,,,,,,
Rod Launcher,prodlauncher,1,,12000,900,,1500,300,50,8,11,4,,,HIGH_EXPLOSIVE,400,,0,10,1,,0,0,0,,,300,200,5,600,,,STRIKE,"missile_bp, merc",,,,Torpedo,,,,,When hitting hull the targets CR and peak time will be reduced.,,,,,
Dakka Dispenser,dakkabox,3,,30000,900,,1,,50,5,26,,,,ENERGY,900,,,3,,0.1,10,50,5,2,,800,,,,,,,"rare_bp, pirates, merc",,,,Meme,,,,aCcUrRaCy,Fires 12 random projectiles in a wide cone.,,,,,
Repeater Cannon,hellomod_revcannon,1,,8000,800,,400,,40,12,22,,,,KINETIC,375,,0.05,1,99,0.2,0,12,1,3,,600,,,,,,,"midline_bp, luddic_church, merc",,,,Anti Shield,,,,,Rate of fire increases with each shot up to a maximum of 5/sec. Each second not firing decreases the rate of fire.,,,,,7
Dual Autopulse Laser,hellomod_dual_autopulse,3,,12000,700,,150,,0,10,35,80,4,,ENERGY,125,,0.05,,1,,0,10,1,5,,1000,,,,,,,"rare_bp, persean, merc",,,,General,,,,,,,,,,25
Overcharger,hellomod_overcharger,2,,2250,550,,130,,0,23,13,,,,ENERGY,140,,0.5,0,99,0.05,3,10,1,5,,700,,,,,,,"hightech_bp, tritachyon, merc",,,,General,,,,,"Rate of fire decreases with each shot, increases while not firing.",,,,,19.25
,,,,,,,,,,,,,,,,,,,,,,,,,,,,,,,,,,,,,,,,,,,,,,,,
prime side deco,hellomod_deco_prime_side,,,,,,,,,,,,,,,,,,,,,,,,,,,,,,,,SYSTEM,"no_drop, no_drop_salvage",,,,,,,,,,,,,,
prime mid shading,hellomod_deco_prime_mid,,,,,,,,,,,,,,,,,,,,,,,,,,,,,,,,SYSTEM,"no_drop, no_drop_salvage",,,,,,,,,,,,,,
bell large cover,hellomod_deco_bell,,,,,,,,,,,,,,,,,,,,,,,,,,,,,,,,SYSTEM,"no_drop, no_drop_salvage",,,,,,,,,,,,,,
voidstalker back cover,hellomod_deco_voidstalker_back,,,,,,,,,,,,,,,,,,,,,,,,,,,,,,,,SYSTEM,"no_drop, no_drop_salvage",,,,,,,,,,,,,,
tonk deco,hellomod_deco_tonk,,,,,,,,,,,,,,,,,,,,,,,,,,,,,,,,SYSTEM,"no_drop, no_drop_salvage",,,,,,,,,,,,,,
phaseminer deco,hellomod_deco_phaseminer,,,,,,,,,,,,,,,,,,,,,,,,,,,,,,,,SYSTEM,"no_drop, no_drop_salvage",,,,,,,,,,,,,,
