{

	"overcharger_fire":[{"file":"sounds/weapons/overcharger_fire.ogg","pitch":1.2,"volume":0.4}],

	"phasegun_fire":[{"file":"sounds/weapons/phasegun_fire.ogg","pitch":1.0,"volume":0.8}],
	
	"flashbeam_fire":[{"file":"sounds/weapons/flashbeam_fire.ogg","pitch":1.0,"volume":1.3}],

	"zapgun_fire":[{"file":"sounds/weapons/zapgun_fire.ogg","pitch":1.0,"volume":1.1}],

	"shieldgen_fire":[{"file":"sounds/weapons/shieldgen_fire.ogg","pitch":0.5,"volume":0.3}],
	

	"exacannon_fire":[{"file":"sounds/weapons/exacannon_fire.ogg","pitch":0.8,"volume":0.8}],
	"exacannon_charge":[{"file":"sounds/weapons/exacannon_charge.ogg","pitch":0.9,"volume":0.9}],
	"exacannon_exp":[{"file":"sounds/weapons/exacannon_exp.ogg","pitch":1.0,"volume":0.9}],


	"lobster_rave_loop":[{"file":"sounds/systems/militant_lobster_rave_sys.ogg","pitch":1.0,"volume":0.6}],
	"rallying_cry":[{"file":"sounds/systems/rallying_cry_sys.ogg","pitch":1.1,"volume":0.5}],
}



