{
    "id":"fp", 
	"name":"FuzzyPack", # Displayed to the player
	"author":"SirFuzzWuzz",
    "utility":"false",
	"version":"1.6.6_siponek_dev_01",
	"description":"Cool ship and weapon pack.",
    "gameVersion": "0.98a-RC8",
  	"jars":["jars/fuzzypack.jar"],
  	"modPlugin":"fuzzypack.FuzzyPackModPlugin",
	  	"dependencies": [
        #{
        #    "id": "lw_lazylib",
        #    "name": "LazyLib",
        #    #"version": "2.7b"
        #},
        #{
        #    "id": "MagicLib",
        #    "name": "MagicLib",
        #    #"version": "0.34"
        #},
        #{
        #    "id": "shaderLib",
        #    "name": "GraphicsLib",
        #    #"version": "1.5.1"
        #}
    ],
}
