{
    "id":"fp", # For the convenience of troubleshooters, include your name and the mod name, not just an acronym.
	"name":"FuzzyPack", # Displayed to the player
	"author":"FuzzWuzz",
    "utility":"false",
	"version":"1.6.2a",
	"description":"Cool ship and weapon pack.",
    "gameVersion": "0.96a-RC10", 
  	"jars":["jars/fuzzypack.jar"],
  	"modPlugin":"fuzzypack.FuzzyPackModPlugin",
	  	"dependencies": [
        #{
        #    "id": "lw_lazylib",
        #    "name": "LazyLib",
        #    #"version": "2.7b"
        #},
        #{
        #    "id": "MagicLib",
        #    "name": "MagicLib",
        #    #"version": "0.34"
        #},
        #{
        #    "id": "shaderLib",
        #    "name": "GraphicsLib",
        #    #"version": "1.5.1"
        #}
    ],
}
