name,id,tier,rarity,base value,range,damage/second,damage/shot,emp,impact,turn rate,OPs,ammo,ammo/sec,reload size,type,energy/shot,energy/second,chargeup,chargedown,burst size,burst delay,min spread,max spread,spread/shot,spread decay/sec,beam speed,proj speed,launch speed,flight time,proj hitpoints,autofireAccBonus,extraArcForAI,hints,tags,groupTag,tech/manufacturer,for weapon tooltip>>,primaryRoleStr,speedStr,trackingStr,turnRateStr,accuracyStr,customPrimary,customPrimaryHL,customAncillary,customAncillaryHL,noDPSInTooltip,number
#Skull Cannon,largethump_cannon,1,,3000,900,,800,,300,5,18,,,,HIGH_EXPLOSIVE,800,,0,5,1,,0,10,5,10,,650,,,400,,,,"he18, lowtech_bp, merc",,,,Anti Armor,,,,,,,,,,8
#Giga-Thumper,largethump_gigathumper,3,,6500,800,,8000,,400,5,21,,,,FRAGMENTATION,3000,,0,8,,,0,30,0.5,2,,700,,,,STRIKE,,,"pirates, rare_bp",,,,,,,,,,,,,,3.8
#Giga-Thumper,largethump_gigathumper,3,,6500,800,,8000,,400,5,21,,,,FRAGMENTATION,2500,,0,8,,,1,3,0.5,5,,700,,,,STRIKE,,,"pirates, rare_bp",,,,,,,,,,,,,,3.8
#Thumper,shredder,0,,700,700,,100,,1,25,7,60,5,20,FRAGMENTATION,30,,0,0.55,20,0.05,0,7,1,20,,800,,,30,,,,"kinetic8, base_bp",,,,General,,,,,,,,,,3.8
Extended Thumper,largethump_thuuumper,0,,1000,1100,,100,,1,12,9,60,4,20,FRAGMENTATION,30,,0,0.8,20,0.08,0,5,1,20,,950,,,30,,,,"kinetic8, lowtech_bp, pirates, merc",,,,General,,,,,,,,,,3.8
Twin-Thumper,largethump_twinthumper,0,,1400,800,,100,,1,18,14,120,8,40,FRAGMENTATION,30,,0,0.55,20,0.05,0,7,1,20,,800,,,30,,,,"kinetic8, lowtech_bp, pirates, merc",,,,General,,,,,,,,,,3.8